Bisaya,Tagalog,English,Part of Speech,Pronunciation,Category,Beginner Example (Bisaya),Beginner English Translation,Beginner Tagalog Translation,Intermediate Example (Bisaya),Intermediate English Translation,Intermediate Tagalog Translation,Advanced Example (Bisaya),Advanced English Translation,Advanced Tagalog Translation
Kumusta,Kumusta,Hello / How are you,Greeting,koo-MOOS-tah,Greetings,Kumusta ka?,How are you?,Kumusta ka?,Kumusta ka karon?,How are you now?,Kumusta ka ngayon?,Kumusta na ka? Maayo ka?,How are you now? Are you well?,Kumusta ka na? Mabuti ka?
Maayong buntag,Magandang umaga,Good morning,Greeting,mah-AH-yong BOON-tag,Greetings,Maayong buntag.,Good morning.,Magandang umaga.,Maayong buntag sa tanan.,Good morning to everyone.,Magandang umaga sa lahat.,Maayong buntag! Kumusta imong pagkatulog?,Good morning! How did you sleep?,Magandang umaga! Kumusta ang tulog mo?
Maayong hapon,Magandang hapon,Good afternoon,Greeting,mah-AH-yong HAH-pon,Greetings,Maayong hapon.,Good afternoon.,Magandang hapon.,Maayong hapon sa imo.,Good afternoon to you.,Magandang hapon sa iyo.,Maayong hapon! Kumusta ang imong adlaw?,Good afternoon! How is your day?,Magandang hapon! Kumusta ang araw mo?
Maayong gabii,Magandang gabi,Good evening,Greeting,mah-AH-yong gah-BEE-ee,Greetings,Maayong gabii.,Good evening.,Magandang gabi.,Maayong gabii sa tanan.,Good evening to everyone.,Magandang gabi sa lahat.,Maayong gabii. Nakapahulay na ka?,Good evening. Have you rested?,Magandang gabi. Nakapagpahinga ka na ba?
Salamat,Salamat,Thank you,Expression,sah-LAH-maht,Common Phrases,Salamat.,Thank you.,Salamat.,Daghang salamat sa imong tabang.,Thank you very much for your help.,Maraming salamat sa iyong tulong.,Daghang salamat kaayo sa tanan nimo nga gibuhat.,Thank you very much for everything you did.,Maraming salamat sa lahat ng ginawa mo.
Palihug,Pakiusap,Please,Expression,pah-LEE-hoog,Common Phrases,Palihug tabangi ko.,Please help me.,Pakiusap tulungan mo ako.,"Palihug, hatagi ko ana.","Please, give that to me.","Pakiusap, ibigay mo iyon sa akin.",Palihug ko — kinahanglan ko gyud ang imong tabang karon.,"Please, I really need your help now.",Pakiusap — kailangan ko talaga ang tulong mo ngayon.
Pasaylo,Paumanhin,Sorry / Forgive me,Expression,pah-SAHY-loh,Common Phrases,Pasayloa ko.,Sorry.,Paumanhin.,Pasayloa ko sa akong sala.,Sorry for my mistake.,Paumanhin sa aking pagkakamali.,"Pasayloa ko, nasayop gyud ko ug buhat kaniadto.","Please forgive me, I really made a mistake earlier.","Patawarin mo ako, nagkamali talaga ako kanina."
Oo,Oo,Yes,Response,OH-oh,Common Phrases,Oo.,Yes.,Oo.,"Oo, gusto ko.","Yes, I want to.","Oo, gusto ko.",Oo — sigurado ko nga moapil ko.,Yes — I'm sure I will join.,Oo — sigurado akong sasali.
Dili,Hindi,No,Response,DEE-lee,Common Phrases,Dili.,No.,Hindi.,Dili ko gusto.,I don't want to.,Ayaw ko.,Dili ko moanha karon.,I will not go there now.,Hindi ako pupunta doon ngayon.
Wala,Wala,None / There isn't,Adjective,WAH-lah,Descriptions,Wala koy kwarta.,I have no money.,Wala akong pera.,Wala siya dinhi.,He/She is not here.,Wala siya dito.,Wala pa ko makakuha ug panahon para niini.,I haven't had time to do this yet.,Wala pa akong nagawa para dito.
Daghan,Marami,Many / A lot,Adjective,DAH-ghan,Descriptions,Daghan kaayo.,A lot.,Marami talaga.,Daghan ang tawo sa merkado.,There are many people at the market.,Maraming tao sa palengke.,Daghan kaayo ang nagtabang sa proyekto kagahapon.,Many people helped with the project yesterday.,Maraming tumulong sa proyekto kahapon.
Gamay,Kaunti,Small / Few,Adjective,gah-MAHY,Descriptions,Gamay ra.,Just a little.,Kaunti lang.,Gamay ang problema.,The problem is small.,Maliit ang problema.,Gamay ra akong oras karon para makatabang.,I only have a little time now to help.,Kaunti lang ang oras ko ngayon para tumulong.
Dako,Malaki,Big / Large,Adjective,DAH-koh,Descriptions,Dako kaayo.,Very big.,Napakalaki.,Dako ang balay.,The house is big.,Malaki ang bahay.,Dako ang responsibilidad nga akong gihuptan.,I hold a big responsibility.,Malaki ang responsibilidad na hawak ko.
Gwapa,Maganda,Beautiful (female),Adjective,GWAH-pah,Descriptions,Gwapa ka.,You are beautiful.,Maganda ka.,Gwapa kaayo siya.,She is very beautiful.,Napakaganda niya.,Gwapa kaayo ang babaye nga akong nakita kagahapon.,The woman I saw yesterday was very beautiful.,Napakaganda ng babaeng nakita ko kahapon.
Gwapo,Guwapo,Handsome (male),Adjective,GWAH-poh,Descriptions,Gwapo ka.,You are handsome.,Guwapo ka.,Gwapo kaayo siya.,He is very handsome.,Napakaguwapo niya.,Gwapo kaayo ang lalaki nga nagtabang namo kagahapon.,The man who helped us yesterday was very handsome.,Napakaguwapo ng lalaking tumulong sa amin kahapon.
Maayo,Mabuti,Good,Adjective,mah-AH-yoh,Descriptions,Maayo man ka.,You are fine/well.,Mabuti ka.,Maayo ang trabaho niya.,His/Her work is good.,Maganda ang gawa niya.,Maayo kaayo ang resulta sa among gibuhat kagahapon.,The result of what we did yesterday was very good.,Napakabuti ng resulta ng ginawa namin kahapon.
Dautan,Masama,Bad,Adjective,dah-OO-tan,Descriptions,Dautan na siya.,He/She is bad now.,Masama na siya.,Dautan ang iyang gibuhat.,His/Her action was bad.,Masama ang ginawa niya.,Dautan kaayo ang epekto sa maong bisyo.,The effect of that vice is very bad.,Napakasama ng epekto ng bisyong iyon.
Init,Mainit,Hot,Adjective,EE-neet,Weather,Init kaayo.,Very hot.,Napakainit.,Init ang tubig.,The water is hot.,Mainit ang tubig.,Init kaayo ang panahon kagahapon busa naglisod ta.,It was very hot yesterday so we had difficulty.,Sobrang init kahapon kaya nahirapan kami.
Bugnaw,Malamig,Cold,Adjective,boog-NAW,Weather,Bugnaw kaayo.,Very cold.,Napakalamig.,Bugnaw ang hangin karon.,The air is cold now.,Malamig ang hangin ngayon.,Bugnaw kaayo kagabii mao nga nipunit mi ug habol.,It was very cold last night so we wrapped ourselves with blankets.,Sobrang lamig kagabi kaya kumot kami.
Bag-o,Bago,New,Adjective,BAH-goh,Descriptions,Bag-o ang libro.,The book is new.,Bago ang libro.,Bag-o nga sapatos iyang gipalit.,He bought new shoes.,Bago siyang bumili ng sapatos.,Bag-o pa gyud ang akong gipalit nga telepono kagahapon.,The phone I bought yesterday is very new.,Napaka-bago ng teleponong binili ko kahapon.
Karaan,Luma,Old,Adjective,kah-RAH-an,Descriptions,Karaan ang libro.,The book is old.,Luma ang libro.,Karaan na kaayo ang among mesa.,Our table is already very old.,Luma na talaga ang mesa namin.,Karaan na ang balay nga gipuy-an sa akong lola sukad pa sauna.,The house my grandma lives in has been old since before.,Matagal nang luma ang bahay na tinitirhan ng lola ko.
Taas,Mataas,Tall/High,Adjective,TAH-as,Descriptions,Taas ang poste.,The post is tall.,Mataas ang poste.,Taas kaayo ang building.,The building is very tall.,Mataas ang gusali.,Taas kaayo ang bukid nga among giakyatan.,The mountain we climbed was very tall.,Napakakataas ng bundok na inakyat namin.
Mubo,Mababa,Short/Low,Adjective,MOO-boh,Descriptions,Mubo ang lamesa.,The table is short.,Mababa ang lamesa.,Mubo og buhok ang bata.,The child has short hair.,Maiksi ang buhok ng bata.,Mubo kaayo ang tulay nga among giagian sa baryo.,The bridge we crossed in the barrio was very low.,Masyadong mababa ang tulay na dinaanan namin.
Lapad,Malapad,Wide,Adjective,LAH-pad,Descriptions,Lapad ang dalan.,The road is wide.,Malapad ang kalsada.,Lapad ang papel nga gigamit nako.,The paper I used is wide.,Malapad ang papel na ginamit ko.,Lapad kaayo ang uma nga ilang gipanag-iya.,The farmland they own is very wide.,Napakaluapad ng bukirin na pag-aari nila.
Tibuok,Buong,Whole,Adjective,tee-BOO-ok,Descriptions,Tibuok ang itlog.,The egg is whole.,Buong itlog.,Gibasa nako ang tibuok libro.,I read the whole book.,Binasa ko ang buong libro.,Tibuok adlaw kong giatiman ang bata.,I took care of the child the whole day.,Buong araw kong inalagaan ang bata.
Bahin,Bahagi,Part,Adjective,BAH-hin,Descriptions,Bahin ra kini.,This is just a part.,Bahagi lang ito.,Bahin sa istorya akong nadungog.,I heard part of the story.,May narinig akong parte ng kwento.,Ang bahin nga akong gisulat mao ang katapusan.,The part I wrote is the ending.,Yung bahagi na sinulat ko ay ang ending.
Usa,Isa,One,Number,OO-sah,Numbers,Usa ka libro.,One book.,Isang libro.,Nipalit ko og usa ka sudlay.,I bought one comb.,Bumili ako ng isang suklay.,Usa ra ka higayon siya mianhi sa balay.,He came to the house only once.,Minsan lang siya pumunta sa bahay.
Duha,Dalawa,Two,Number,DOO-hah,Numbers,Duha ka baso.,Two glasses.,Dalawang baso.,Naa koy duha ka iro.,I have two dogs.,May dalawa akong aso.,Duha ka adlaw ko naghulat sa resulta.,I waited for the results for two days.,Dalawang araw akong naghintay ng resulta.
Tulo,Tatlo,Three,Number,TOO-loh,Numbers,Tulo ka mansanas.,Three apples.,Tatlong mansanas.,Tulo ka estudyante ang wala nisulod.,Three students were absent.,Tatlong estudyante ang absent.,Tulo ka semana nga walay klase.,There are no classes for three weeks.,Tatlong linggo walang pasok.
Upat,Apat,Four,Number,OO-pat,Numbers,Upat ka baso.,Four glasses.,Apat na baso.,Upat ka tawo ang miapil.,Four people joined.,Apat na tao ang sumali.,Upat ka tuig siya nagpuyo sa Davao.,He lived in Davao for four years.,Apat na taon siyang tumira sa Davao.
Lima,Lima,Five,Number,LEE-mah,Numbers,Lima ka saging.,Five bananas.,Limang saging.,Lima ka istudyante ang nidaug.,Five students won.,Limang estudyante ang nanalo.,Lima ka adlaw ko nag-andam sa presentasyon.,I prepared the presentation for five days.,Limang araw kong inihanda ang presentasyon.
Unom,Anim,Six,Number,OO-nom,Numbers,Unom ka lapis.,Six pencils.,Anim na lapis.,Unom ka adlaw sila nagpraktis.,They practiced for six days.,Anim na araw silang nagpraktis.,Unom ka bulan ko siya wala nakita.,I haven't seen him for six months.,Anim na buwan ko siyang hindi nakita.
Pito,Pito,Seven,Number,PEE-toh,Numbers,Pito ka bata.,Seven children.,Pitong bata.,Pito ka adlaw ang bakasyon.,Vacation is seven days.,Pitong araw ang bakasyon.,Pito ka tuig nga kasinatian ang iyang nadawat.,He gained seven years of experience.,Pitong taon ng karanasan ang nakuha niya.
Walo,Walo,Eight,Number,WAH-loh,Numbers,Walo ka itlog.,Eight eggs.,Walong itlog.,Walo ka tawo ang nagkuyog.,Eight people joined.,Walong tao ang sumama.,Walo ka bulan siya nagtrabaho sa opisina.,He worked in the office for eight months.,Walong buwan siyang nagtrabaho sa opisina.
Siyam,Siyam,Nine,Number,see-YAM,Numbers,Siyam ka libro.,Nine books.,Siyam na libro.,Siyam ka adlaw ang hulat.,The wait is nine days.,Siyam na araw ang paghihintay.,Siyam ka tuig ang iyang pagbilar sa kompanya.,He served the company for nine years.,Siyam na taon siyang nagtrabaho sa kompanya.
Napulo,Sampu,Ten,Number,nah-POO-loh,Numbers,Napulo ka prutas.,Ten fruits.,Sampung prutas.,Napulo ka estudyante ang niapil.,Ten students joined.,Sampung estudyante ang sumali.,Napulo ka bulan sila nag-andam sa proyekto.,They prepared the project for ten months.,Sampung buwan nilang inihanda ang proyekto.
Adlaw,Araw,Day,Adjective,AD-law,Time,Maayong adlaw.,Good day.,Magandang araw.,Adlaw nga init kaayo karon.,Today is very hot.,Ang init ng araw ngayon.,Ang adlaw nga akong gihulat miabot na.,The day I waited for has arrived.,Dumating na ang araw na hinihintay ko.
Bulán,Buwan,Month,Noun,boo-LAHN,Time,Sunod bulan magsugod ang klase.,Classes start next month.,Sa susunod na buwan ang pasukan.,Daghan kaayong panghitabo karong bulan.,Many events this month.,Maraming nangyayari ngayong buwan.,Ang Bulan nga makapaayo sa negosyo mao ang Disyembre.,December is the month good for business.,Ang buwan na maganda para sa negosyo ay Disyembre.
Tuig,Taon,Year,Noun,too-EEG,Time,Bag-ong tuig.,New year.,Bagong taon.,Usa ka tuig ko nagpuyo sa Davao.,I lived in Davao for a year.,Isang taon akong tumira sa Davao.,Ang tuig nga puno og pagsulay nakapauswag nako.,The year full of challenges helped me grow.,Ang taon ng pagsubok ang nagpalago sa akin.
Oras,Oras,Hour/Time,Noun,OH-ras,Time,Unsa oras na?,What time is it?,Anong oras na?,Walay igong oras sa proyekto.,There is not enough time for the project.,Kulang ang oras para sa proyekto.,Ang akong oras karon puno sa buluhaton.,My time today is full of tasks.,Puno ng gawain ang oras ko ngayon.
Minuto,Minuto,Minute,Noun,mee-NOO-toh,Time,Usa ka minuto lang.,Just one minute.,Isang minuto lang.,Naa koy pipila ka minuto.,I have a few minutes.,May ilang minuto ako.,"Sa usa ka minuto, pwede mausab ang tanan.","In one minute, everything can change.","Sa isang minuto, maaaring magbago ang lahat."
Segundo,Segundo,Second,Noun,seh-GOON-doh,Time,Hulat og usa ka segundo.,Wait one second.,Maghintay ka ng isang segundo.,Paspas kaayo ang segundo moagi.,Seconds pass quickly.,Mabilis lumipas ang segundo.,Ang matag segundo importante sa kompetisyon.,Every second matters in a competition.,Ang bawat segundo ay mahalaga sa kompetisyon.
Karon,Ngayon,Now,Adverb,KA-ron,Time,Karon ko magsugod.,I will start now.,Ngayon ako magsisimula.,Karon ta magkita.,We will meet now.,Magkikita tayo ngayon.,"Karon nga panahon, daghan og kausaban.","These days, there are many changes.","Sa panahon ngayon, maraming pagbabago."
Kadto,Noon,Back then,Adverb,KAD-toh,Time,Kadto bata pa ko.,"Back then, I was a child.","Noon, bata pa ako.",Kadto nga panahon hilum kaayo ang lugar.,Back then the place was quiet.,Noon tahimik ang lugar.,Kadto panahona daghan kaayong natabo sa akong pamilya.,"During that time, many things happened to my family.","Noong panahong iyon, maraming nangyari sa pamilya ko."
Ugma,Bukas,Tomorrow,Adverb,oog-MAH,Time,Ugma ta magkita.,We will meet tomorrow.,Bukassem magkikita tayo.,Ugma magsugod ang klase.,The class starts tomorrow.,Bukas magsisimula ang klase.,Ugma nako tapuson ang report.,I will finish the report tomorrow.,Bukas ko tatapusin ang report.
Gahapon,Kahapon,Yesterday,Adverb,gah-HAH-pon,Time,Niadto ko mall gahapon.,I went to the mall yesterday.,Pumunta ako sa mall kahapon.,Gahapon ko nahuman ang assignment.,I finished the assignment yesterday.,Natapos ko ang assignment kahapon.,Gahapon nga adlaw importante kaayo sa among pamilya.,Yesterday was very important to our family.,Mahalaga ang araw kahapon sa aming pamilya.
Karon nga adlaw,Ngayong araw,Today,Adverb,KA-ron ngah AD-law,Time,Karon nga adlaw lipay ko.,Today I am happy.,Ngayong araw masaya ako.,Karon nga adlaw daghan kog buhaton.,I have many tasks today.,Ngayong araw marami akong gagawin.,Karon nga adlaw akong gisugdan ang diyeta.,I started my diet today.,Ngayong araw ko sinimulan ang diyeta.
Tubig,Tubig,Water,Noun,TOO-big,Food/Groceries,Gusto ko ug tubig.,I want water.,Gusto ko ng tubig.,Naa koy tubig sa botelya.,I have bottled water.,May tubig ako sa bote.,Nipalit ko og tubig kay giuhaw kaayo ko.,I bought water because I was very thirsty.,Bumili ako ng tubig dahil uhaw na uhaw ako.
Pagkaon,Pagkain,Food,Noun,pag-KA-on,Food/Groceries,Naa koy pagkaon.,I have food.,May pagkain ako.,Nagluto ko og pagkaon.,I cooked food.,Nagluto ako ng pagkain.,Nag-andam ko og pagkaon para sa bisita.,I prepared food for the guest.,Naghanda ako ng pagkain para sa bisita.
Kan-on,Kanin,Cooked Rice,Noun,kan-ON,Food/Groceries,Gusto ko ug kan-on.,I want rice.,Gusto ko ng kanin.,Naa koy kan-on sa plato.,I have rice on my plate.,May kanin ako sa plato.,Gikaon nako ang kan-on nga giluto ni mama.,I ate the rice my mom cooked.,Kinaing ko ang kaning niluto ni mama.
Pan,Tinapay,Bread,Noun,pan,Food,Pan akong gipalit.,I bought bread.,Bumili ako ng tinapay.,Lami ang pan nga imong gidala.,The bread you brought is delicious.,Masarap ang tinapay na dinala mo.,Pan nga among gikaon gahapon lami kaayo.,The bread we ate yesterday was very good.,Masarap ang tinapay na kinain namin kahapon.
Itlog,Itlog,Egg,Noun,it-LOG,Food,Naa kay itlog?,Do you have eggs?,May itlog ka ba?,Giluto nako ang itlog para sa pamahaw.,I cooked the egg for breakfast.,Nagluto ako ng itlog para sa almusal.,Ang itlog nga among gipalit bag-o pa kaayo.,The eggs we bought are very fresh.,Sariwa pa ang mga itlog na binili namin.
Manok,Manok,Chicken,Noun,ma-NOK,Food,Gusto ko ug manok.,I want chicken.,Gusto ko ng manok.,Giluto nako ang manok sa panihapon.,I cooked the chicken for dinner.,Nagluto ako ng manok para sa hapunan.,Ang manok nga giandam nako kagahapon lami kaayo.,The chicken I prepared yesterday was very delicious.,Ang manok na niluto ko kahapon ay napakasarap.
Baboy,Baboy,Pork,Noun,BA-boy,Food,Ganahan ko ug baboy.,I like pork.,Gusto ko ng baboy.,Gipalit nako ang baboy sa merkado.,I bought pork at the market.,Bumili ako ng baboy sa palengke.,Ang baboy nga among giihaw perfect kaayo ang lutong.,The pork we grilled yesterday was cooked perfectly.,Ang baboy na inihaw namin kahapon ay sakto ang pagkakaluto.
Baka,Baka,Beef,Noun,BA-kah,Food/Animals,Gusto ko ug karne sa baka.,I want beef.,Gusto ko ng karne ng baka.,Ang baka nagatambok sa uma.,The cow is growing fat on the farm.,Tumataba ang baka sa bukid.,Ang karne sa baka nga among gipalit maayo kaayo ang kalidad.,The beef we bought had very good quality.,Maganda ang kalidad ng karne ng baka na binili namin.
Isda,Isda,Fish,Noun,EES-dah,Food,Naa moy isda?,Do you have fish?,May isda ba kayo?,Giluto nako ang isda sa sabaw.,I cooked the fish as soup.,Nagluto ako ng isda bilang sabaw.,Ang isda nga gikan sa bay manghod pa gyud kaayo.,The fish from the sea was very fresh.,Napakasariwa ng isdang galing sa dagat.
Gulay,Gulay,Vegetable,Noun,GOO-lay,Food,Gusto ko ug gulay.,I want vegetables.,Gusto ko ng gulay.,Ang gulay presko kaayo karon.,The vegetables are very fresh today.,Sariwa ang gulay ngayon.,Gisulayan nako ang bag-ong resipe nga gulay kagahapon.,I tried a new vegetable recipe yesterday.,Sinubukan ko ang bagong resipe ng gulay kahapon.
Prutas,Prutas,Fruit,Noun,PROO-tas,Food,Ganahan ko ug prutas.,I like fruits.,Gusto ko ng prutas.,Presko ang mga prutas sa merkado.,The fruits in the market are fresh.,Sariwa ang mga prutas sa palengke.,Ang prutas nga among gipalit kagahapon tam-is kaayo.,The fruit we bought yesterday was very sweet.,Ang prutas na binili namin kahapon ay napakatamis.
Saging,Saging,Banana,Noun,SAH-ging,Food,Gusto ko ug saging.,I want bananas.,Gusto ko ng saging.,Daghan kaayo saging sa balay.,We have lots of bananas at home.,Maraming saging sa bahay.,Ang saging nga among gikaon kagahapon hinog kaayo.,The bananas we ate yesterday were very ripe.,Hinog na hinog ang saging na kinain namin kahapon.
Mangga,Mangga,Mango,Noun,MANG-gah,Food,Lami ang mangga.,Mango is delicious.,Masarap ang mangga.,Gipalit nako ang hilaw nga mangga.,I bought unripe mango.,Bumili ako ng hilaw na mangga.,Ang mangga nga among giandam gahapon tam-is ug aslom gamay.,The mango we prepared yesterday was sweet with slight sourness.,Matamis at bahagyang maasim ang manggang inihanda namin kahapon.
Kape,Kape,Coffee,Noun,ka-PEH,Beverages,Gusto ko ug kape.,I want coffee.,Gusto ko ng kape.,Nag-inom ko og kape buntag.,I drank coffee this morning.,Uminom ako ng kape kaninang umaga.,Ang kape nga akong gitimpla gahapon grabe ka-aroma.,The coffee I brewed yesterday had a strong aroma.,Ang kapeng tinimpla ko kahapon ay napabangó.
Gatas,Gatas,Milk,Noun,GAH-tas,Beverages,Naa koy gatas.,I have milk.,May gatas ako.,Gihatagan ko siya og baso nga gatas.,I gave him/her a glass of milk.,Binigyan ko siya ng gatas.,Ang gatas nga among gipalit kagahapon bugnaw ug lami.,The milk we bought yesterday was cold and tasty.,Malamig at masarap ang gatas na binili namin kahapon.
Asin,Asin,Salt,Noun,ah-SEEN,Condiments,Naa kay asin?,Do you have salt?,May asin ka ba?,Gigamit nako ang asin sa luto.,I used salt for cooking.,Ginamit ko ang asin sa pagluluto.,Ang asin nga akong gigamit kagahapon mao gyud ang nakapalamig sa putahe.,The salt I used yesterday really brought out the dish’s flavor.,Ang asin na ginamit ko kahapon ang nagpalasa sa ulam.
Asukar,Asukal,Sugar,Noun,ah-SU-kar,Condiments,Asukar akong gipalit.,I bought sugar.,Bumili ako ng asukal.,Asukar gamiton nako sa kape.,I will use sugar for my coffee.,Gagamitin ko ang asukal sa kape.,Ang asukar nga among gipalit gahapon barato ug limpyo.,The sugar we bought yesterday was cheap and clean.,Mura at malinis ang asukal na binili namin kahapon.
Amahan,Ama,Father,Noun,ah-MA-han,Family,Amahan nako siya.,He is my father.,Siya ang ama ko.,Ang amahan nagtrabaho sa opisina.,Father works at the office.,Ang ama ko ay nagtatrabaho sa opisina.,Ang akong amahan maoy nag-atiman namo sukad pagkabata.,My father has taken care of us since childhood.,Ang ama ko ang nag-alaga sa amin mula pagkabata.
Inahan,Ina,Mother,Noun,ee-na-HAN,Family,Akong inahan siya.,She is my mother.,Siya ang ina ko.,Ang inahan nagluto para sa tanan.,Mother cooked for everyone.,Ang ina ang nagluto para sa lahat.,Ang inahan nga akong gihigugma mao’y nag-amping kanamo pirme.,"My mother, whom I love, always cared for us.",Ang ina ko ang palaging nag-aalaga sa amin.
Igsoon,Kapatid,Sibling,Noun,ig-SO-on,Family,Usa nako siya ka igsoon.,He/she is my sibling.,Siya ay kapatid ko.,Akong igsoon mobiyahe karon.,My sibling will travel now.,Ang kapatid ko ay aalis ngayon.,Ang akong igsoon mao’ng tambayayong nako sukad sauna.,My sibling has always been my companion.,Ang kapatid ko ang matagal ko nang kasama.
Lalaki,Lalaki,Man,Noun,la-LA-ki,People,Lalaki siya.,He is a man.,Siya ay lalaki.,Lalaki nga kusgan siya.,He is a strong man.,Malakas na lalaki siya.,Ang lalaki nga akong nakaila gahapon buotan kaayo.,The man I met yesterday was very kind.,Ang lalaking nakilala ko kahapon ay napakabait.
Babaye,Babae,Woman,Noun,ba-BA-ye,People,Babaye siya.,She is a woman.,Siya ay babae.,Babaye nga matinud-anon siya.,She is an honest woman.,Matiyagang babae siya.,Ang babaye nga akong naistorya gahapon maalamon kaayo.,The woman I spoke with yesterday was very wise.,Ang babaeng nakausap ko kahapon ay napakatalino.
Bata,Bata,Child,Noun,BAH-ta,People,Ang bata nagdula.,The child is playing.,Naglalaro ang bata.,Ang bata nagtuon sa kwarto.,The child is studying in the room.,Nag-aaral ang bata sa kwarto.,Ang bata nga akong nakita gahapon buotan kaayo.,The child I saw yesterday was very kind.,Ang batang nakita ko kahapon ay mabait.
Tigulang,Matanda,Elderly,Noun,tee-GOO-lang,People,Tigulang siya.,He/She is old.,Matanda siya.,Tigulang nga tawo naglingkod sa bangko.,An elderly person is sitting on the bench.,Matandang tao ang nakaupo sa bangko.,Ang tigulang sa among silingan maayong tawo kaayo.,The elderly neighbor is a very good person.,Ang matandang kapitbahay namin ay napakabait.
Higala,Kaibigan,Friend,Noun,hee-GA-la,People,Higala nako siya.,He/She is my friend.,Kaibigan ko siya.,Ang akong higala moabot unya.,My friend will arrive later.,Darating mamaya ang kaibigan ko.,Ang higala nga akong nasaligan dugay na kaayo nakong kaila.,My trusted friend has known me for a long time.,Matagal ko nang kilala ang kaibigang pinagkakatiwalaan ko.
Ulo,Ulo,Head,Noun,OO-lo,Body Parts,Sakit akong ulo.,My head hurts.,Masakit ang ulo ko.,Natumba siya ug nasamad ang ulo.,He fell and injured his head.,Nadapa siya at nasugatan ang ulo.,Ang ulo nga iyang naigo gahapon dili pa maayo.,The head injury he got yesterday is still not healed.,Hindi pa gumagaling ang sugat sa ulo niya kahapon.
Mata,Mata,Eyes,Noun,MAH-ta,Body Parts,Hayag akong mata.,My eyes are clear.,Maliwanag ang mata ko.,Ang iyang mata lapad ug nindot.,Her eyes are big and beautiful.,Maganda at malaki ang mata niya.,Ang mata nga naluha kagabii kay nasakitan siya.,The eyes that cried last night because she was hurt.,Ang mga matang lumuha kagabi dahil nasaktan siya.
Ilong,Ilong,Nose,Noun,ee-LONG,Body Parts,Dako akong ilong.,My nose is big.,Malaki ang ilong ko.,Nagdugo iyang ilong.,His nose is bleeding.,Dumugo ang ilong niya.,Ang ilong nga gisamad sa aksidente nag-ayo na.,The nose injured in the accident has healed.,Gumaling na ang ilong na nasugatan sa aksidente.
Baba,Bibig,Mouth,Noun,BAH-ba,Body Parts,Abli imong baba.,Open your mouth.,Ibuka ang bibig mo.,Nangayo siya og pagkaon gamit iyang baba.,He asked for food using his mouth.,Hiningi niya ang pagkain gamit ang bibig.,Ang baba nga nasamad niya sa pagkahulog medyo maayo na.,The mouth cut from the fall is almost healed.,Ang bibig na nasugatan niya sa pagkakahulog ay gumagaling na.
Dunggan,Tenga,Ear,Noun,DUNG-gan,Body Parts,Sakit akong dunggan.,My ear hurts.,Masakit ang tenga ko.,Naminaw siya gamit iyang dunggan.,He listened using his ears., Nakinig siya gamit ang tenga niya.,Ang dunggan nga nabara gahapon giayo sa doktor.,The ear that got clogged yesterday was treated by the doctor.,Ang tengang nabara kahapon ay ginamot ng doktor.
Kamot,Kamay,Hand,Noun,KAH-mot,Body Parts,Pakita imong kamot.,Show your hand.,Ipakita ang kamay mo.,Gamit iyang kamot sa pagsulat.,He uses his hand to write.,Ginagamit niya ang kamay para magsulat.,Ang kamot nga nasamad niya sa trabaho nag-ayo na.,The hand he injured at work has healed.,Gumaling na ang kamay niyang nasugatan sa trabaho.
Tiil,Paa,Foot,Noun,tee-EEL,Body Parts,Sakit akong tiil.,My foot hurts.,Masakit ang paa ko.,Napudpod iyang tiil sa paglakaw.,His foot got sore from walking.,Napagod ang paa niya sa paglakad.,Ang tiil nga nasamad sa dalan nag-ayo na.,The foot wounded on the road has healed.,Gumaling na ang paa na nasugatan sa kalsada.
Tuhod,Tuhod,Knee,Noun,TOO-hod,Body Parts,Sakit akong tuhod.,My knee hurts.,Masakit ang tuhod ko.,Naligis iyang tuhod.,His knee got hit.,Nabangga ang tuhod niya.,Ang tuhod nga naigo gahapon dili pa maayo.,The knee injured yesterday is still not healed.,Hindi pa gumagaling ang tuhod na nasugatan kahapon.
Laway,Laway,Saliva,Noun,LAH-way,Body Parts,Naa kay laway.,You have saliva.,May laway ka.,Naglutaw ang laway sa iyang baba.,Saliva dripped from his mouth.,Tumutulo ang laway sa bibig niya.,Daghan kaayo siyag laway samtang natulog siya kagabii.,He drooled a lot while sleeping last night.,Marami siyang laway habang natutulog kagabi.
Ngipon,Ngipin,Teeth,Noun,NGE-pon,Body Parts,Nasakit akong ngipon.,My tooth hurts.,Masakit ang ngipin ko.,Nabungi iyang ngipon.,He chipped his tooth.,Nabungi ang ngipin niya.,Ang ngipon nga giayo sa dentista maayo kaayo pagkaplastar.,The teeth fixed by the dentist were aligned well.,Ang ngipin na inayos ng dentista ay maayos ang pagkakalagay.
Balay,Bahay,House,Noun,BAH-lay,Places,Dako ang balay.,The house is big.,Malaki ang bahay.,Limpyo ang balay kada adlaw.,The house is clean everyday.,Malinis ang bahay araw-araw.,Ang balay nga among gi-ayo kay nadaot sa bagyo.,We repaired the house damaged by the storm.,Inayos namin ang bahay na nasira ng bagyo.
Kwarto,Kuwarto,Room,Noun,KWAR-to,Places,Hinlo ang kwarto.,The room is clean.,Malinis ang kwarto.,Ang kwarto bugnaw tungod sa aircon.,The room is cold because of the aircon.,Malamig ang kwarto dahil sa aircon.,Ang kwarto nga akong gitindogan kahapon gigamit para meeting.,The room I stood in yesterday was used for a meeting.,Ang kwartong pinuntahan ko kahapon ay ginamit para sa meeting.
Kusina,Kusina,Kitchen,Noun,koo-SEE-na,Places,Ganahan ko sa kusina.,I like the kitchen.,Gusto ko ang kusina.,Humot ang kusina tungod sa luto.,The kitchen smells good because of the food.,Mabango ang kusina dahil sa luto.,Ang kusina nga among giayo bag-o na kaayo karon.,The kitchen we renovated is now very new.,Ang kusinang inayos namin ay bago na ngayon.
Katre,Kama,Bed,Noun,KA-tre,Objects,Lami ang katre.,The bed is comfy.,Malamig/komportable ang kama.,Nakatulog ko sa katre.,I slept on the bed.,Natulog ako sa kama.,Ang katre nga akong gigamit gahapon humok kaayo.,The bed I used yesterday was very soft.,Napakalambot ng kamang ginamit ko kahapon.
Lamesa,Lamesa,Table,Noun,la-ME-sa,Objects,Dako ang lamesa.,The table is big.,Malaki ang lamesa.,Nagsulat siya sa lamesa.,He wrote on the table.,Sa lamesa siya nagsulat.,Gilimpyo nako ang lamesa para sa bisita.,I cleaned the table for the guest.,Linisin ko ang lamesa para sa bisita.
Pultahan,Pintuan,Door,Noun,pool-TA-han,Objects,Abli ang pultahan.,The door is open.,Bukas ang pintuan.,Sirado ang pultahan karon.,The door is closed now.,Sarado ang pintuan ngayon.,Ang pultahan nga among giayo dili na mo-ikog.,The door we repaired no longer squeaks.,Hindi na umuikik ang pintuang inayos namin.
Bintana,Bintana,Window,Noun,bin-TA-na,Objects,Nindot ang bintana.,The window is nice.,Maganda ang bintana.,Abli ang bintana kay aron makasulod ang hangin.,The window is open to let air in.,Bukas ang bintana para pumasok ang hangin.,Ang bintana nga among giusab mas dako na kaysa sauna.,The window we changed is bigger than before.,Mas malaki na ang bintanang pinalitan namin.
Libro,Aklat,Book,Noun,LEE-bro,Objects,Naa koy libro.,I have a book.,May aklat ako.,Gibasa nako ang libro.,I read the book.,Binasa ko ang aklat.,Ang libro nga akong gitun-an gahapon lisod gamay.,The book I studied yesterday was a bit hard.,Medyo mahirap ang librong pinag-aralan ko kahapon.
Lapis,Lapis,Pencil,Noun,LAH-pis,Objects,Naa koy lapis.,I have a pencil.,May lapis ako.,Lapis akong gigamit sa drawing.,I used a pencil to draw.,Gumamit ako ng lapis sa pagguhit.,Ang lapis nga akong gigamit kagahapon hapit mahurot.,The pencil I used yesterday is almost used up.,Ang lapis na ginamit ko kahapon ay maikli na.
Bolpen,Bolpen,Pen,Noun,BOL-pen,Objects,Akoa ning bolpen.,This is my pen.,Akin ang bolpen.,Gamit siya og bolpen sa test.,He uses a pen in the test.,Gumagamit siya ng bolpen sa test.,Ang bolpen nga akong gipalit kahapon humok kaayo mosuwat.,The pen I bought yesterday writes very smoothly.,Ang bolpen na binili ko kahapon ay napakalambot isulat.
Papel,Papel,Paper,Noun,pah-PEL,Objects,Naa kay papel?,Do you have paper?,May papel ka ba?,Gigamit nako ang papel sa proyekto.,I used the paper for the project.,Ginamit ko ang papel para sa proyekto.,Ang papel nga akong gihimo kagahapon mao'y gi-printan sa output.,The paper I prepared yesterday was used for printing the output.,Ang papel na ginawa ko kahapon ang pinaggamitan sa print.
Eskwelahan,Paaralan,School,Noun,es-kwe-la-HAN,Places,Dako ang eskwelahan.,The school is big.,Malaki ang paaralan.,Dagan kaayog estudyante sa eskwelahan.,There are many students in the school.,Maraming estudyante sa paaralan.,Ang eskwelahan nga akong giadto kagahapon nag meeting.,The school I went to yesterday had a meeting.,Ang paaralang pinuntahan ko kahapon ay may meeting.
Estudyante,Estudyante,Student,Noun,es-too-DYAN-te,People,Estudyante siya.,He/She is a student.,Estudyante siya.,Ang estudyante nagtuon karon.,The student is studying now.,Nag-aaral ang estudyante ngayon.,Ang estudyante nga akong gitudloan kahapon dali makat-on.,The student I taught yesterday learns fast.,Ang estudyanteng tinuruan ko kahapon ay mabilis matuto.
Moadto,Pupunta,Will go,Verb,mo-AD-to,Verbs,Moadto ko didto.,I will go there.,Pupunta ako doon.,Moadto siya sa trabaho.,He will go to work.,Pupunta siya sa trabaho.,Moadto ko sa siyudad ugma para magpalit.,I will go to the city tomorrow to buy something.,Pupunta ako sa siyudad bukas para bumili.
Moanhi,Paparito,Will come here,Verb,mo-AN-hee,Verbs,Moanhi siya diri.,He/She will come here.,Paparito siya dito.,Moanhi ko sa balay unya.,I will come home later.,Paparito ako sa bahay mamaya.,Moanhi ko sa inyong lugar ugma buntag.,I will come to your place tomorrow morning.,Paparito ako sa inyo bukas ng umaga.
Mokaon,Kakain,Will eat,Verb,mo-KA-on,Verbs,Mokaon ko.,I will eat.,Kakain ako.,Mokaon ta sa balay.,We will eat at home.,Kakain tayo sa bahay.,Mokaon ko sa restaurant ugma kay walay oras karon.,I will eat at a restaurant tomorrow because I have no time now.,Kakain ako sa restaurant bukas dahil wala akong oras ngayon.
Matulog,Matutulog,Will sleep,Verb,ma-TOO-log,Verbs,Matulog ko karon.,I will sleep now.,Matutulog na ako.,Matulog siya sayo.,He/She sleeps early.,Maaga siya natutulog.,Matulog ko sayo kagabii kay kapoy kaayo ko.,I slept early last night because I was very tired.,Maaga akong natulog kagabi dahil pagod na pagod ako.
Mobangon,Babangon,Will get up,Verb,mo-BANG-on,Actions,Mobangon ko.,I will get up.,Babangon ako.,Mobangon siya sayo kada buntag.,He gets up early every morning.,Maaga siyang bumabangon araw-araw.,Mobangon ko sayo ugma para makatrabaho.,I will get up early tomorrow to work.,Babangon ako nang maaga bukas para magtrabaho.
Mobasa,Magbasa,To read,Verb,mo-BA-sa,Actions,Mobasa ko og libro.,I will read a book.,Magbabasa ako ng libro.,Mobasa siya matag gabii.,He reads every night.,Palagi siyang nagbabasa tuwing gabi.,Mobasa ko ug daghang libro aron makat-on ko.,I will read many books to learn.,Magbabasa ako ng maraming libro para matuto.
Mosulat,Magsulat,To write,Verb,mo-su-LAT,Actions,Mosulat ko karon.,I will write now.,Magsusulat ako ngayon.,Mosulat siya og report.,He will write a report.,Magsusulat siya ng report.,Mosulat ko og artikulo para sa proyekto ugma.,I will write an article for the project tomorrow.,Magsusulat ako ng artikulo para sa proyekto bukas.
Mogawas,Lalabas,Will go out,Verb,mo-ga-WAS,Actions,Mogawas ko.,I will go out.,Lalabas ako.,Mogawas siya sa balay.,He will go out of the house.,Lalabas siya ng bahay.,Mogawas ko ug sayo aron dili ma-late.,I will go out early so I won't be late.,Lalabas ako nang maaga para hindi malate.
Mosulod,Papasok,Will enter,Verb,mo-su-LOD,Actions,Mosulod ko.,I will enter.,Papasok ako.,Mosulod siya sa kwarto.,He will enter the room.,Papasok siya sa kwarto.,Mosulod ko sa meeting room unya.,I will enter the meeting room later.,Papasok ako sa meeting room mamaya.
Mopalit,Bibili,Will buy,Verb,mo-pa-LIT,Actions,Mopalit ko ug tubig.,I will buy water.,Bibili ako ng tubig.,Mopalit siya ug prutas.,He will buy fruits.,Bibili siya ng prutas.,Mopalit ko ug sud-an para sa panihapon.,I will buy food for dinner.,Bibili ako ng ulam para sa hapunan.
Mobaligya, Magbebenta,Will sell,Verb,mo-ba-LIG-ya,Actions,Mobaligya siya ug isda.,He will sell fish.,Magbebenta siya ng isda.,Mobaligya siya sa merkado.,He sells in the market.,Nagbebenta siya sa palengke.,Mobaligya sila ug daghang produkto ugma.,They will sell many products tomorrow.,Magbebenta sila ng maraming produkto bukas.
Mogamit,Gagamit,Will use,Verb,mo-GA-mit,Actions,Mogamit ko ani.,I will use this.,Gagamitin ko ito.,Mogamit siya og lapis.,He will use a pencil.,Gagamit siya ng lapis.,Mogamit ko og laptop para sa report ugma.,I will use a laptop for the report tomorrow.,Gagamit ako ng laptop para sa report bukas.
Mogukod,Hahabol,Will chase,Verb,mo-GU-kod,Actions,Mogukod ang iro.,The dog will chase.,Hahabol ang aso.,Mogukod siya sa bola.,He will chase the ball.,Hahabulin niya ang bola.,Mogukod ko sa bus kung dili ko magdali.,I will chase the bus if I don't hurry.,Hahabulin ko ang bus kapag hindi ako nagmadali.
Molakaw,Lalakad,Will walk,Verb,mo-la-KAW,Actions,Molakaw ko.,I will walk.,Lalakad ako.,Molakaw siya padulong sa eskwelahan.,He walks to school.,Lumalakad siya papuntang paaralan.,Molakaw ko ug sayo aron maka-ehersisyo.,I will walk early to exercise.,Lalakad ako nang maaga para mag-ehersisyo.
Modagan,Tatakbo,Will run,Verb,mo-DA-gan,Actions,Modagan ko.,I will run.,Tatakbo ako.,Modagan siya matag buntag.,He runs every morning.,Tumatakbo siya tuwing umaga.,Modagan ko ug dugay aron makatrain.,I will run longer to train.,Tatakbo ako nang mas matagal para mag-training.
Mokanta,Kakanta,Will sing,Verb,mo-KAN-ta,Actions,Mokanta ko.,I will sing.,Kakanta ako.,Mokanta siya sa programa.,He will sing in the program.,Kakanta siya sa programa.,Mokanta ko ug usa ka kanta sa event ugma.,I will sing a song at the event tomorrow.,Kakanta ako ng isang kanta sa event bukas.
Mosayaw,Sasayaw,Will dance,Verb,mo-sa-YAW,Actions,Mosayaw ko.,I will dance.,Sasayaw ako.,Mosayaw siya sa presentation.,He will dance in the presentation.,Sasayaw siya sa presentasyon.,Mosayaw ko ug grupo para sa competition.,I will dance with a group for the competition.,Sasayaw ako kasama ang grupo para sa competition.
Mokatawa,Tatawa,Will laugh,Verb,mo-ka-TA-wa,Actions,Mokatawa ko.,I will laugh.,Tatawa ako.,Mokatawa siya sa joke.,He laughs at the joke.,Tumatawa siya sa biro.,Mokatawa ko bisan kapoy kaayo ko.,I will laugh even if I'm very tired.,Tatawa pa rin ako kahit pagod na pagod ako.
Mohilak,Iiyak,Will cry,Verb,mo-hi-LAK,Actions,Mohilak siya.,He/She will cry.,Iiyak siya.,Mohilak siya tungod sa kasubo.,He will cry because of sadness.,Iiyak siya dahil malungkot siya.,Mohilak siya kagabii tungod sa kapoy ug problema.,He cried last night due to stress and problems.,Umiiyak siya kagabi dahil sa pagod at problema.
Mogugma,Mai-in love,Fall in love,Verb,mo-GUG-ma,Emotions,Mogugma siya.,He/She will fall in love.,Mai-in love siya.,Mogugma siya nimo kung buotan ka.,He will love you if you're kind.,Mai-in love siya sa'yo kung mabait ka.,Mogugma ko niya tungod sa iyang pagkamatinabangon.,I fell in love with her because she is helpful.,Nai-in love ako sa kanya dahil matulungin siya.
Mahigugmaon,Mapagmahal,Loving,Adjective,ma-hi-GUG-ma-on,Emotions,Mahigugmaon siya.,He/She is loving.,Mapagmahal siya.,Mahigugmaon kaayo iyang pamilya.,Her family is very loving.,Mapagmahal ang kanyang pamilya.,Mahigugmaon siya bisan lisod ang kahimtang.,She stayed loving even in difficult times.,Mapagmahal pa rin siya kahit mahirap ang sitwasyon.
Mabination,Malambing,Affectionate,Adjective,ma-bi-na-SYON,Emotions,Mabination siya.,He/She is affectionate.,Malambing siya.,Mabination siya sa iyang pamilya.,He is affectionate to his family.,Malambing siya sa pamilya niya.,Mabination kaayo siya kung duol ka niya.,He becomes very affectionate when you're close.,  Nagiging malambing siya kapag malapit ka.
Mabungahon,Masipag,Industrious,Adjective,ma-bung-A-hon,Characteristics,Mabungahon siya.,He/She is hardworking.,Masisipag siya.,Mabungahon kaayo ang estudyante.,The student is very diligent.,Masisipag ang estudyante.,Mabungahon siya bisan kapoy ang trabaho.,He remains hardworking even if the work is tiring.,Masisipag pa rin siya kahit nakakapagod ang trabaho.
Matinabangon,Matulungin,Helpful,Adjective,ma-ti-na-BANG-on,Characteristics,Matinabangon siya.,He/She is helpful.,Matulungin siya.,Matinabangon kaayo ang silingan.,The neighbor is very helpful.,Matulungin ang kapitbahay.,Matinabangon siya sa tanan nga tawo sa komunidad.,He helps everyone in the community.,Matulungin siya sa lahat ng tao sa komunidad.
Asa,Saan,Where,Question Word,a-sa,Questions,Asa ka?,Where are you?,Saan ka?,Asa imong balay?,Where is your house?,Saan ang bahay mo?,Asa dapita imong giadto gahapon?,Which place did you go to yesterday?,Saan ka nagpunta kahapon?
Kinsa,Sino,Who,Question Word,kin-sa,Questions,Kinsa siya?,Who is he/she?,Sino siya?,Kinsa imong gikauban?,Who are you with?,Sino ang kasama mo?,Kinsa imong gikaistorya gahapon?,Who were you talking to yesterday?,Sino ang kausap mo kahapon?
Unsa,Ano,What,Question Word,un-sa,Questions,Unsa ni?,What is this?,Ano ito?,Unsa imong gusto?,What do you want?,Ano ang gusto mo?,Unsa imong gipalit gahapon?,What did you buy yesterday?,Ano ang binili mo kahapon?
Kanus-a,Kailan,When,Question Word,ka-nus-a,Questions,Kanus-a ka moanhi?,When will you come?,Kailan ka darating?,Kanus-a magsugod ang klase?,When will class start?,Kailan magsisimula ang klase?,Kanus-a ka miadto sa syudad kahapon?,When did you go to the city yesterday?,Kailan ka pumunta sa siyudad kahapon?
Ngano,Bakit,Why,Question Word,nga-no,Questions,Ngano man?,Why?,Bakit?,Ngano wala ka niadto?,Why didn't you go?,Bakit hindi ka pumunta?,Ngano nagsaba ka kagabii?,Why were you loud last night?,Bakit ka maingay kagabi?
Giunsa,Paano,How,Question Word,gi-un-sa,Questions,Giunsa nimo?,How did you do it?,Paano mo ginawa?,Giunsa nimo pagkuha?,How did you get it?,Paano mo kinuha?,Giunsa nimo pagtapos ang report gahapon?,How did you finish the report yesterday?,Paano mo tinapos ang report kahapon?
Pila,Magkano/Ilán,How much / How many,Question Word,pi-la,Questions,Pila ni?,How much is this?,Magkano ito?,Pila sila kabuok?,How many are they?,Ilan sila?,Pila kabuok ang niapil kagahapon?,How many joined yesterday?,Ilan ang sumali kahapon?
Tagpila,Magkano,How much,Question Word,tag-pi-la,Questions,Tagpila ni?,How much is this?,Magkano ito?,Tagpila ang saging?,How much are the bananas?,Magkano ang saging?,Tagpila inyong baligya kagahapon?,How much did you sell it for yesterday?,Magkano ninyo naibenta kahapon?
Kumusta ka,Kamusta ka,How are you,Phrase,ku-MUS-ta ka,Conversation,Kumusta ka?,How are you?,Kamusta ka?,Kumusta ka karon?,How are you today?,Kamusta ka ngayon?,Kumusta ka kagahapon pagkahuman sa event?,How were you yesterday after the event?,Kamusta ka kahapon pagkatapos ng event?
Maayo man,Mabuti naman,I’m fine,Phrase,ma-A-yo man,Conversation,Maayo man ko.,I’m fine.,Mabuti naman ako.,Maayo man ko karon.,I’m fine today.,Maigi naman ako ngayon.,Maayo man ko kagahapon bisan kapoy kaayo.,I was fine yesterday even if I was tired.,Mabuti naman ako kahapon kahit pagod ako.
Dili maayo,Hindi mabuti,Not good,Adjective,di-li ma-A-yo,Descriptions,Dili maayo ang panahon.,The weather is not good.,Hindi maganda ang panahon.,Dili maayo akong gibati.,I don't feel good.,Hindi maganda ang pakiramdam ko.,Dili maayo ang akong lawas gahapon kay gikapoy ko.,My body wasn’t good yesterday because I was tired.,Hindi maganda ang pakiramdam ko kahapon dahil pagod ako.
Gutom,Gutom,Hungry,Adjective,gu-TOM,Descriptions,Gutom ko.,I am hungry.,Gutom ako.,Gutom siya pagkahuman sa klase.,He is hungry after class.,Gutom siya pagkatapos ng klase.,Gutom kaayo ko gahapon kay wala koy kaon.,I was very hungry yesterday because I didn’t eat.,Sobrang gutom ako kahapon dahil hindi ako kumain.
Busog,Busog,Full,Adjective,bu-SOG,Descriptions,Busog ko.,I am full.,Busog ako.,Busog siya human mokaon.,He is full after eating.,Busog siya matapos kumain.,Busog kaayo ko kagabii kay daghan kaayo ko'g gikaon.,I was very full last night because I ate a lot.,Busog na busog ako kagabi dahil marami akong kinain.
Kapoy,Pagod,Tired,Adjective,ka-POY,Descriptions,Kapoy ko.,I am tired.,Pagod ako.,Kapoy siya gikan sa trabaho.,He is tired from work.,Pagod siya galing sa trabaho.,Kapoy kaayo ko gahapon human sa tibuok adlaw nga buluhaton.,I was very tired yesterday after the whole day of work.,Sobrang pagod ako kahapon pagkatapos ng buong araw na trabaho.
Tulog,Natutulog,Sleeping,Adjective/Tense,tu-LOG,State,Tulog siya.,He/She is sleeping.,Natutulog siya.,Tulog ang bata sa kwarto.,The child is sleeping in the room.,Natutulog ang bata sa kwarto.,Tulog siya kagabii kay kapoy kaayo siya.,He slept last night because he was very tired.,Natulog siya kagabi dahil sobrang pagod siya.
Basa,Basa,Wet,Adjective,ba-SA,Descriptions,Basa ang sinina.,The clothes are wet.,Basa ang damit.,Basa ang yuta tungod sa ulan.,The ground is wet because of rain.,Basa ang lupa dahil sa ulan.,Basa kaayo ang dalan gahapon tungod sa kusog nga ulan.,The road was very wet yesterday because of heavy rain.,Basa ang kalsada kahapon dahil sa malakas na ulan.
Uga,Tuyo,Dry,Adjective,u-GA,Descriptions,Uga ang sinina.,The clothes are dry.,Tuyo ang damit.,Uga ang yuta karon.,The soil is dry now.,Tuyo ang lupa ngayon.,Uga kaayo ang hangin kagahapon mao init kaayo.,"The air was dry yesterday, so it was very hot.",Tuyo ang hangin kahapon kaya sobrang init.
Limpyo,Malinis,Clean,Adjective,LIM-pyo,Descriptions,Limpyo ang kwarto.,The room is clean.,Malinis ang kwarto.,Limpyo ang balay kada buntag.,The house is clean every morning.,Malinis ang bahay tuwing umaga.,Limpyo kaayo ang lugar kagahapon kay nag-general cleaning.,The place was very clean yesterday due to general cleaning.,Sobrang linis ng lugar kahapon dahil nag-general cleaning.
Hugaw,Madumi,Dirty,Adjective,HU-gaw,Descriptions,Hugaw ang lamisa.,The table is dirty.,Madumi ang mesa.,Hugaw ang sinina niya.,His clothes are dirty.,Madumi ang damit niya.,Hugaw kaayo ang dalan gahapon tungod sa baha.,The road was very dirty yesterday because of the flood.,Madumi ang kalsada kahapon dahil sa baha.
Adto,Pumunta,To go (there),Verb,ad-TO,Actions,Adto ko didto.,I will go there.,Pupunta ako doon.,Adto siya sa siyudad.,He will go to the city.,Pupunta siya sa siyudad.,Adto ko sa inyong lugar ugma buntag.,I will go to your place tomorrow morning.,Pupunta ako sa inyo bukas ng umaga.
Diri,Dito,Here,Location,DI-ri,Locations,Diri ko.,I am here.,Dito ako.,Diri siya naglingkod.,He is sitting here.,Dito siya nakaupo.,Diri ko naghulat nimo kagahapon.,I waited for you here yesterday.,Dito kita hinintay kahapon.
Didto,Doon,There,Location,DID-to,Locations,Didto siya.,He/She is there.,Nandoon siya.,Didto sila nagduwa.,They played there.,Doon sila naglaro.,Didto ko nagtambay kagahapon human sa klase.,I stayed there yesterday after class.,Doon ako tumambay kahapon pagkatapos ng klase.
Dinhi,Dito,Here,Location,DIN-hi,Locations,Dinhi siya nagpuyo.,He lives here.,Dito siya nakatira.,Dinhi nagtapok ang mga tawo.,People gathered here.,Dito nagtipon ang mga tao.,Dinhi ko giatiman ang bata kagahapon.,I took care of the child here yesterday.,Dito ko inalagaan ang bata kahapon.
Sa taas,Sa itaas,Upstairs / Above,Location,sa TA-as,Locations,Naa sa taas.,It is upstairs.,Nasa itaas.,Ang kuwarto naa sa taas.,The room is upstairs.,Nasa itaas ang kwarto.,Ang gamit nga akong gipangita naa sa taas gahapon.,The item I was looking for was upstairs yesterday.,Nasa itaas ang hinahanap ko kahapon.
Sa ubos,Sa ibaba,Downstairs / Below,Location,sa U-bos,Locations,Naa sa ubos.,It is downstairs.,Nasa ibaba.,Ang kusina naa sa ubos.,The kitchen is downstairs.,Nasa ibaba ang kusina.,Ang papel nga akong gibilin naa ra sa ubos kagahapon.,The paper I left was downstairs yesterday.,Nasa ibaba ang papel na iniwan ko kahapon.
Sa wala,Pa-kaliwa,Left side,Location,sa WA-la,Locations,Adto sa wala.,Go left.,Kaliwa ka.,Ang tindahan naa sa wala.,The store is on the left.,Nasa kaliwa ang tindahan.,Ang sakyanan nga akong gisakyan kahapon naa sa wala nga lane.,The vehicle I rode yesterday was in the left lane.,Nasa kaliwang lane ang sinakyan ko kahapon.
Sa tuo,Pa-kanan,Right side,Location,sa TU-o,Locations,Adto sa tuo.,Go right.,Kumanan ka.,Ang eskwelahan naa sa tuo.,The school is on the right.,Nasa kanan ang paaralan.,Ang building nga akong giadto gahapon naa sa tuo nga bahin.,The building I went to yesterday was on the right side.,Nasa kanang bahagi ang pinuntahan ko kahapon.
Sa atubangan,Sa harap,In front,Location,sa a-tu-BANG-an,Locations,Sa atubangan ko.,In front of me.,Sa harap ko.,Ang gate naa sa atubangan.,The gate is in front.,Nasa harap ang gate.,Ang opisina nga akong giadto naa sa atubangan sa parke.,The office I went to is in front of the park.,Ang opisina na pinuntahan ko ay nasa harap ng parke.
Sa luyo,Sa likod,Behind,Location,sa lu-YO,Locations,Sa luyo ko.,Behind me.,Sa likod ko.,Ang banyo naa sa luyo.,The bathroom is behind.,Nasa likod ang banyo.,Ang sakyanan nga akong gi-park naa sa luyo kagahapon.,The car I parked yesterday was behind the house.,Nasa likod ang kotse na in-park ko kahapon.
Sa sulod,Sa loob,Inside,Location,sa su-LOD,Locations,Naa sa sulod.,It is inside.,Nasa loob.,Ang bata naa sa sulod.,The child is inside.,Nasa loob ang bata.,Ang gamit nga akong gipangita naa sa sulod sa kahon.,The item I looked for was inside the box.,Nasa loob ng kahon ang hinahanap ko.
Sa gawas,Sa labas,Outside,Location,sa ga-WAS,Locations,Naa sa gawas.,It is outside.,Nasa labas.,Ang iro naa sa gawas.,The dog is outside.,Nasa labas ang aso.,Ang tanang tawo nagtapok sa gawas kagahapon.,Everyone gathered outside yesterday.,Nagtipon ang lahat sa labas kahapon.
Duol,Malapit,Near,Adjective,DU-ol,Descriptions,Duol ra ang tindahan.,The store is near.,Malapit ang tindahan.,Duol ko sa imong balay.,I am near your house.,Malapit ako sa bahay mo.,Duol ra ang among school sa opisina.,Our school is near the office.,Malapit lang ang school sa opisina.
Layo,Malayo,Far,Adjective,la-YO,Descriptions,Layo ang siyudad.,The city is far.,Malayo ang siyudad.,Layo ang iyang balay gikan dinhi.,His house is far from here.,Malayo ang bahay niya dito.,Layo kaayo ang lugar nga among giadto kagahapon.,The place we went to yesterday was very far.,Napakalayo ng lugar na pinuntahan namin kahapon.
Ako,Ako,I / Me,Pronoun,a-KO,Pronouns,Ako si Ana.,I am Ana.,Ako si Ana.,Ako ang nagluto.,I am the one who cooked.,Ako ang nagluto.,Ako ang nitabang niya gahapon.,I was the one who helped him yesterday.,Ako ang tumulong sa kanya kahapon.
Ikaw,Ikaw,You,Pronoun,i-KAW,Pronouns,Ikaw siya.,You are the one.,Ikaw iyon.,Ikaw ang nagdala.,You brought it.,Ikaw ang nagdala.,Ikaw ang gitawag sa teacher kagahapon.,You were the one the teacher called yesterday.,Ikaw ang tinawag ng teacher kahapon.
Siya,Siya,He / She,Pronoun,Si-ya,Pronouns,Siya akong amigo.,He is my friend.,Siya ang kaibigan ko.,Siya ang nipalit ana.,He bought that.,Siya ang bumili niyan.,Siya ang nangayo tabang gahapon.,He was the one who asked for help yesterday.,Siya ang humingi ng tulong kahapon.
Kami,Kami,We (excluding you),Pronoun,ka-MI,Pronouns,Kami ra diri.,Only we are here.,Kami lang dito.,Kami nagtan-aw og salida.,We watched a movie.,Kami nanood ng movie.,Kami ang niadto sa bukid kagahapon.,We were the ones who went to the mountain yesterday.,Kami ang pumunta sa bundok kahapon.
Kita,Tayo,We (including you),Pronoun,KI-ta,Pronouns,Kita magkita unya.,We will meet later.,Magkikita tayo mamaya.,Kita magkuyog sa mall.,We will go together to the mall.,Magkasama tayong pupunta sa mall.,Kita ang nag-istorya gahapon bahin sa project.,We were the ones talking yesterday about the project.,Tayo ang nag-usap kahapon tungkol sa project.
Kamo,Kayo,You all,Pronoun,ka-MO,Pronouns,Kamo tanan.,All of you.,Kayo lahat.,Kamo ang moadto unya.,You all will go later.,Kayo ang pupunta mamaya.,Kamo ang gi-invite sa event gahapon.,You all were invited to the event yesterday.,Kayo ang inimbitahan sa event kahapon.
Sila,Sila,They,Pronoun,si-LA,Pronouns,Sila akong higala.,They are my friends.,Sila ang mga kaibigan ko.,Sila ang nagdula sa gawas.,They are playing outside.,Sila ang naglalaro sa labas.,Sila ang mipalit sa prutas gahapon.,They were the ones who bought the fruits yesterday.,Sila ang bumili ng prutas kahapon.
Imo,Iyo,Yours,Pronoun,EE-moh,Possessive,Imo kini.,This is yours.,Ito ay sa'yo.,Ang libro imo ba?,Is the book yours?,"Ano, sayo ba ang libro?",Ang bag-ong telepono imo ba nga gipalit gahapon?,Is the new phone you bought yesterday yours?,Tingin ko ba ang bagong telepono na binili mo kahapon ay sayo?
Iya,Kanya,His/Hers,Pronoun,ee-YAH,Possessive,Iya kini.,This is his/hers.,Ito ay sa kanya.,Iya ang iyang kwarto.,It is his/her room.,Ito ang kwarto niya.,Ang motor nga gi-park sa kilid iya diay.,The motorcycle parked on the side is actually his/hers.,Ang motor na naka-park sa gilid ay kanya pala.
Amo,Amin,Ours,Pronoun,AH-moh,Possessive,Amo ni.,This is ours.,Ito ay atin.,Amo ang balay.,This is our house.,Ito ang bahay namin.,Ang proyekto nga among gihimo amo gyud ang nakatabang sa community.,The project we made truly helped the community.,Ang proyekto na ginawa namin talaga ay nakatulong sa komunidad.
Inyo,Inyo,Yours (plural),Pronoun,ee-NYOH,Possessive,Inyo kini.,This is yours (pl.).,Ito ay sa inyo.,Ang libro inyo ba?,Is the book yours (pl.)?,"Ano, sayo ba ang libro ninyo?",Ang lapis nga inyong giutang inyo na ba?,Is the pencil you borrowed now yours?,Nasa inyo ba ang lapis na inutang ninyo?
Ila,Kanila,Theirs,Pronoun,EE-lah,Possessive,Ila kini.,This is theirs.,Ito ay sa kanila.,Ila ang balay.,It is their house.,Ito ang bahay nila.,Ang tanom sa uma ila gyud.,The plants in the field are truly theirs.,Ang mga tanim sa bukid ay talagang kanila.
Lunes,Lunes,Monday,Noun,LOO-nes,Day names,Lunes karon.,It's Monday today.,Lunes ngayon.,Ang klase magsugod Lunes.,Classes start Monday.,Magsisimula ang klase Lunes.,Ang meeting gihimo Lunes sa buntag.,The meeting was held Monday morning.,Ginawa ang meeting Lunes ng umaga.
Martes,Martes,Tuesday,Noun,mar-TES,Day names,Martes na.,It's Tuesday.,Martes na.,Ang deadline kay Martes.,Deadline is Tuesday.,Deadline ay Martes.,Ang klase gani mibalik Martes kay na-reschedule.,The class resumed Tuesday because it was rescheduled.,Nagsimula uli ang klase Martes dahil na-reschedule.
Miyerkoles,Miyerkules,Wednesday,Noun,myer-KOH-les,Day names,Miyerkoles karon.,It is Wednesday.,Miyerkules ngayon.,Adto ko Miyerkoles.,I'll go on Wednesday.,Pupunta ako Miyerkules.,Miyerkoles ang workshop niadtong semanaha.,The workshop was on Wednesday that week.,Ang workshop ay naganap Miyerkules nung linggong iyon.
Huwebes,Huwebes,Thursday,Noun,hoo-WEH-bes,Day names,Huwebes ang eksam.,The exam is Thursday.,Huwebes ang exam.,Nag-praktis siya Huwebes.,He practiced on Thursday.,Nag-practice siya Huwebes.,Ang presentasyon gi-set sa Huwebes sa hapon.,The presentation was set for Thursday afternoon.,Ang presentasyon ay itinakda Huwebes ng hapon.
Biyernes,Biyernes,Friday,Noun,byer-NES,Day names,Biyernes na.,It’s Friday.,Biyernes na.,Mag-party ta Biyernes.,Let's party Friday.,Tumigil tayo sa trabaho Biyernes.,Ang salida gi-release Biyernes gabii.,The movie was released Friday night.,Inilabas ang pelikula Biyernes ng gabi.
Sabado,Sabado,Saturday,Noun,sah-BAH-doh,Day names,Sabado ang bakasyon.,Saturday is holiday.,Sabado ang bakasyon.,Sabado mi maghugas.,We will wash on Saturday.,Papanghugas kami Sabado.,Sabado mi nag-bonding sa pamilya kagahapon.,We had family bonding on Saturday yesterday.,Nag-bonding kami ng pamilya Sabado kahapon.
Domingo,Linggo,Sunday,Noun,doh-MEEN-goh,Day names,Domingo karon.,It’s Sunday.,Linggo ngayon.,Mag-reste mi Domingo.,We will rest Sunday.,Mamagpahinga kami Linggo.,Ang misa gi-celebrate Domingo sa buntag.,The mass was celebrated Sunday morning.,Gin-celebrate ang misa Linggo ng umaga.
Enero,Enero,January,Noun,eh-NEH-roh,Months,Enero na.,It’s January.,Enero na.,"Pasko sa Disyembre, Enero sunod.","Christmas in December, then January next.","Disyembre ang pasko, Enero naman ang bagong taon.",Ang pista sa baryo ginahimo sa Enero kada tuig.,The village fiesta is held in January every year.,Ginaganap ang pista ng baryo tuwing Enero.
Pebrero,Pebrero,February,Noun,peb-REH-roh,Months,Pebrero mosubang ang festival.,The festival will happen in February.,Pebrero magkakaroon ng festival.,Pebrero ang selebrasyon.,The celebration is in February.,Pebrero ang selebrasyon.,Ang Pebrero mao ang pinakamaayo nga panahon para sa planting.,February is the best time for planting.,Ang Pebrero ay pinakamainam para magtanim.
Marso,Marso,March,Noun,MAR-soh,Months,Marso ang opening.,Opening is in March.,Marso ang pagbubukas.,Ang trade fair Marso.,There’s a trade fair in March.,May trade fair sa Marso.,Ang proyekto magpadayon sa Marso sunod tuig.,The project continues in March next year.,Magpapatuloy ang proyekto sa Marso sa susunod na taon.
Abril,Abril,April,Noun,ab-REEL,Months,Abril ang event.,Event is in April.,Abril ang event.,Nag-set sila sa Abril.,They set it in April.,Itinakda nila sa Abril.,Ang Abril mao ang panahon sa harvest sa pipila ka prutas.,April is harvest season for some fruits.,Ang Abril ang panahon ng anihan para sa ilang prutas.
Mayo,Mayo,May,Noun,MAH-yoh,Months,Mayo na baya.,It’s May now.,Mayo na.,May selebrasyon sa Mayo.,There is a celebration in May.,May selebrasyon sa Mayo.,Ang Mayo usa ka busy nga buwan sa turismo.,May is a busy month for tourism.,Ang Mayo ay isang abalang buwan para sa turismo.
Hunyo,Hunyo,June,Noun,HOON-yoh,Months,Hunyo mosugod ang klase.,Classes start in June.,Hunyo magsisimula ang klase.,Hunyo ang orientation.,Orientation is in June.,May orientation sa Hunyo.,Ang Hunyo mao ang ting-init sa pipila ka lugar.,June is summer in some places.,Ang Hunyo ay tag-init sa ilang lugar.
Hulyo,Hulyo,July,Noun,HOOL-yoh,Months,Hulyo ang bakasyon.,Vacation in July.,Hulyo ang bakasyon.,Nagsugod sa Hulyo ang program.,The program started in July.,Nagsimula ang programa Hulyo.,Ang Hulyo mao ang buwan sa final exams para sa uban.,July is finals month for some.,Ang Hulyo ay buwan ng final exams para sa ilan.
Agosto,Agosto,August,Noun,ah-GOS-toh,Months,Agosto na.,It’s August.,Agosto na.,Adto mi sa fiesta sa Agosto.,We will go to the fiesta in August.,Pupunta kami sa fiesta ng Agosto.,Ang Agosto usahay bagyo-prone sa pipila ka areas.,August is sometimes storm-prone in some areas.,Minsan ay bagyo ang Agosto sa ilang lugar.
Septiyembre,Setyembre,September,Noun,sep-TYEM-breh,Months,Septiyembre na.,It’s September.,Setyembre na.,Ang event sa Septiyembre cancelled.,The event in September cancelled.,Kinansela ang event sa Setyembre.,Ang Septiyembre maayo sa mga harvest festival.,September is good for harvest festivals.,Maganda ang Setyembre para sa mga pista ng anihan.
Oktubre,Oktubre,October,Noun,ok-TOO-breh,Months,Oktubre na.,It’s October.,Oktubre na.,Adto mi Oktubre.,We will go in October.,Pupunta kami Oktubre.,Ang Oktubre naay daghang cultural programs.,October has many cultural programs.,Maraming cultural programs ang Oktubre.
Nobiyembre,Nobyembre,November,Noun,noh-BYEM-breh,Months,Nobiyembre mosugod ang prep.,Preparations start in November.,Nobyembre magsisimula ang paghahanda.,Nobiyembre ang schedule.,The schedule is in November.,Nobyembre ang iskedyul.,Ang Nobiyembre mao ang panahon sa final preparations.,November is the time for final preparations.,Ang Nobiyembre ang panahon ng huling paghahanda.
Disiyembre,Disyembre,December,Noun,dees-YEM-breh,Months,Disiyembre pasko.,December is Christmas.,Disyembre ay pasko.,Disiyembre holiday.,December is holidays.,Disyembre ay mga pista.,Ang Disiyembre puno sa selebrasyon ug reunion.,December is full of celebrations and reunions.,Ang Disyembre puno ng selebrasyon at pagkikita-kita.
Usa ka oras,Isang oras,One hour,Time,OO-sah kah OH-ras,Time,Usa ka oras lang.,Just one hour.,Isang oras lang.,Balikon nako in one hour.,I’ll be back in one hour.,Babalik ako sa loob ng isang oras.,Ang meeting molungtad ug usa ka oras gahapon.,The meeting lasted one hour yesterday.,Ang meeting ay tumagal ng isang oras kahapon.
Duha ka oras,Dalawang oras,Two hours,Time,DOO-hah kah OH-ras,Time,Duha ka oras na.,It’s two hours.,Dalawang oras na.,Gibuhat nako sulod duha ka oras.,I did it for two hours.,Ginawa ko ito ng dalawang oras.,Nag-meeting kami sulod duha ka oras gahapon.,We met for two hours yesterday.,Nag-meeting kami ng dalawang oras kahapon.
Tunga sa oras,Kalahating oras,Half hour,Time,TOO-ngah sah OH-ras,Time,Tunga sa oras.,Half an hour.,Kalahating oras.,Moadto kog tunga sa oras.,I will go in half an hour.,Pupunta ako sa loob ng kalahating oras.,Ang biyahe molungtad ug tunga sa oras.,The trip lasted half an hour.,Ang byahe ay tumagal ng kalahating oras.
Usa ka minuto,Isang minuto,One minute,Time,OO-sah kah mee-NOO-toh,Time,Usa ka minuto.,One minute.,Isang minuto.,Hulat usa ka minuto.,Wait one minute.,Maghintay ka ng isang minuto.,Misilip ko ang mensahe sa usa ka minuto.,I checked the message in one minute.,Tiningnan ko ang mensahe sa isang minuto.
Usa ka segundo,Isang segundo,One second,Time,OO-sah kah seh-GOON-doh,Time,Usa ka segundo.,One second.,Isang segundo.,Hulat usa ka segundo.,Wait one second.,Maghintay ka ng isang segundo.,Gi-pause nako ang video sa usa ka segundo.,I paused the video for one second.,Pinaupo ko ang video ng isang segundo.
Alas dos,Alas dos,Two o'clock,Time,AH-las dohs,Time,Alas dos na.,It’s two o’clock.,Alas dos na.,Alas dos ta mokita.,Let's meet at two o'clock.,Magkita tayo ng alas dos.,Alas dos ko nihapon para sa appointment.,I was at two o'clock for the appointment.,Nasa alas dos ako kahapon para sa appointment.
Alas tres,Alas tres,Three o'clock,Time,AH-las tres,Time,Alas tres na.,It’s three o’clock.,Alas tres na.,Mag-unsa ta alas tres?,What shall we do at three?,Ano ang gagawin natin alas tres?,Alas tres ang sunod nga activity; ayaw ka late.,The next activity is at three; don’t be late.,Ang susunod na aktibidad ay alas tres; huwag kang mahuli.
Alas kwatro,Alas kwatro,Four o'clock,Time,AH-las kwat-roh,Time,Alas kwatro na.,It’s four o’clock.,Alas kwatro na.,Moadto ko alas kwatro.,I will go at four o'clock.,Pupunta ako alas kwatro.,Alas kwatro nako natapos ang trabaho gahapon.,I finished work at four o'clock yesterday.,Natapos ko ang trabaho alas kwatro kahapon.
Alas singko,Alas singko,Five o'clock,Time,AH-las seeng-koh,Time,Alas singko na.,It’s five o’clock.,Alas singko na.,Alas singko ta mag-uban.,Let's meet at five.,Magkita tayo ng alas singko.,Alas singko ko nangaon kagahapon.,I ate at five o'clock yesterday.,Kumain ako ng alas singko kahapon.
Alas sais,Alas sais,Six o'clock,Time,AH-las sah-eess,Time,Alas sais na.,It’s six o’clock.,Alas sais na.,Alas sais ko mag-exercise.,I exercise at six.,Nag-e-exercise ako alas sais.,Alas sais ko natulog kagahapon.,I slept at six yesterday.,Natulog ako alas sais kahapon.
Alas siyete,Alas siyete,Seven o'clock,Time,AH-las see-YEH-teh,Time,Alas siyete na.,It’s seven o’clock.,Alas siyete na.,Alas siyete ta magmeeting.,Let's have the meeting at seven.,Magmeeting tayo alas siyete.,Alas siyete ko nagmata gahapon.,I woke up at seven yesterday.,Nagising ako alas siyete kahapon.
Alas otso,Alas walo,Eight o'clock,Time,AH-las ot-soh,Time,Alas otso na.,It’s eight o’clock.,Alas walo na.,Alas otso ko moanhi.,I will come at eight.,Paparito ako alas otso.,Alas otso ang start sa klase gahapon.,Classes started at eight yesterday.,Nagsimula ang klase alas otso kahapon.
Alas nuybe,Alas siyam,Nine o'clock,Time,AH-las nooy-beh,Time,Alas nuybe na.,It’s nine o’clock.,Alas siyam na.,Alas nuybe ta magkita?,Shall we meet at nine?,Magkita tayo ng alas siyam?,Alas nuybe nako natapos ang assignment gahapon.,I finished the assignment at nine yesterday.,Natapos ko ang assignment alas siyam kahapon.
Alas dyes,Alas sampu,Ten o'clock,Time,AH-las dyes,Time,Alas dyes na.,It’s ten o’clock.,Alas sampu na.,Mag-unsa ka alas dyes?,What are you doing at ten?,Ano ang gagawin mo alas sampu?,Alas dyes ang deadline; human na.,The deadline is ten; finish it.,Ang deadline ay alas sampu; tapusin na.
Alas onse,Alas onse,Eleven o'clock,Time,AH-las on-seh,Time,Alas onse na.,It’s eleven.,Alas onse na.,Alas onse ta mokita?,Shall we meet at eleven?,Magkita tayo alas onse?,Alas onse na ang concert gahapon.,The concert was at eleven yesterday.,Ang concert ay alas onse kahapon.
Alas dose,Alas dose,Twelve o'clock,Time,AH-las doh-seh,Time,Alas dose na.,It’s twelve.,Alas dose na.,Alas dose ta mag-check?,Shall we check at twelve?,Tingnan natin alas dose.,Alas dose nako ni-ani sa trabaho gahapon.,I clocked out at twelve yesterday.,Nag-log out ako alas dose kahapon.
Buntag,Umaga,Morning,Noun,boon-TAG,Time,Maayong buntag.,Good morning.,Magandang umaga.,Magbuntag na ta.,Let's start the morning.,Magsimula tayo ng umaga.,Mabuntag mi sa dalan ug nag-jogging.,We greeted the morning on the road and jogged.,Nagbati kami ng umaga sa kalsada at nag-jogging.
Udto,Tanghali,Noon,Noun,ood-TOH,Time,Maayong udto.,Good noon.,Magandang tanghali.,Nag-udto na ta.,Let's have lunch.,Kumain na tayo.,Udto nag-aotso ang init.,Noon the heat was strong.,Noon ay napakainit.
Hapon,Hapon,Afternoon,Noun,HAH-pon,Time,Maayong hapon.,Good afternoon.,Magandang hapon.,Nag-hapon ta sa balay.,We spent the afternoon at home.,Gin-umaga namin ang hapon sa bahay.,Ang hapon gani nindot para maglakaw.,The afternoon was good for a walk.,Maganda ang hapon para maglakad.
Gabii,Gabi,Night,Noun,gah-BEE-ee,Time,Maayong gabii.,Good evening.,Magandang gabi.,Maayong gabii sa tanan.,Good evening to everyone.,Magandang gabi sa lahat.,Gabii nga malinaw ang buwan.,The night had a clear moon.,Ang gabi ay maliwanag ang buwan.
Kagabii,Kagabi,Last night,Noun,kah-gah-BEE-ee,Time,Kagabii nindot ang concert.,Last night the concert was good.,Kagabi maganda ang concert.,Kagabii gaulan.,It rained last night.,Kagabi umulan.,Kagabii wala koy tulog kay busy ko.,I had no sleep last night because I was busy.,Hindi ako nakatulog kagabi dahil busy ako.
Karon nga buntag,Ngayong umaga,This morning,Adverb,KA-ron ngah boon-TAG,Time,Karon nga buntag nindot.,This morning is nice.,Ngayong umaga maganda.,Unsa imong gibuhat karon nga buntag?,What did you do this morning?,Ano ang ginawa mo ngayong umaga?,Karon nga buntag nag-jogging ko ug nakakita kog fiesta prep.,This morning I jogged and saw fiesta preparations.,Ngayong umaga nag-jogging ako at nakita ang paghahanda ng fiesta.
Karon nga hapon,Ngayong hapon,This afternoon,Adverb,KA-ron ngah HAH-pon,Time,Karon nga hapon busy ko.,I'm busy this afternoon.,Ngayong hapon busy ako.,Moadto ko karong hapon.,I will go this afternoon.,Pupunta ako ngayong hapon.,Karon nga hapon mag-meeting mi online.,This afternoon we have an online meeting.,Ngayong hapon may online meeting kami.
Karon nga gabii,Ngayong gabi,Tonight,Adverb,KA-ron ngah gah-BEE-ee,Time,Karon nga gabii naa koy plano.,I have plans tonight.,Ngayong gabi may plano ako.,Mokanta ko karon nga gabii.,I will sing tonight.,Kakanta ako ngayong gabi.,Karon nga gabii magbuhat ko ug report alang sa boss.,I will do a report tonight for the boss.,Ngayong gabi gagawin ko ang report para sa boss.
Panahon,Panahon,Weather/Season,Noun,pah-NAH-hon,Weather,Bag-ong panahon.,New weather.,Bago ang panahon.,Usahay ulan ang panahon.,Sometimes it rains.,Minsan umuulan ang panahon.,Ang panahon karon tig-init.,The weather is summer now.,Ang panahon ngayon ay tag-init.
Init nga panahon,Mainit na panahon,Hot weather,Noun,EE-neet ngah pah-NAH-hon,Weather,Init kaayo.,Very hot.,Napakainit.,Init ang adlaw karon.,The day is hot today.,Mainit ang araw ngayon.,Init kaayo gabii kagahapon.,It was very hot last night.,Sobrang init kagabi kahapon.
Bugnaw nga panahon,Malamig na panahon,Cold weather,Noun,boog-NAW ngah pah-NAH-hon,Weather,Bugnaw kaayo.,Very cold.,Napakalamig.,Bugnaw ang hangin karon.,The air is cold now.,Malamig ang hangin ngayon.,Bugnaw kaayo kagabii mao'g nipunit mi og habol.,It was very cold last night so we used blankets.,Sobrang lamig kagabi kaya kumot kami.
Ulan,Ulan,Rain,Noun,OO-lan,Weather,Naay ulan.,It's raining.,Umuulan.,Nag-ulan karon.,It is raining now.,Umuulan ngayon.,Nag-ulan tibuok adlaw gahapon.,It rained all day yesterday.,Umuulan buong araw kahapon.
Nagaulan,Umuulan,Raining,Verb,nah-gah-OO-lan,Weather,Nagaulan karon.,It is raining.,Umuulan.,Nagaulan bathang kusog.,It is raining heavily.,Umuulan nang malakas.,Nagaulan ug kusog gabii gani.,It rained hard last night.,Umuulan nang malakas kagabi nga gabi.
Hangin,Hangin,Wind,Noun,HAH-ngeen,Weather,Naay hangin.,There is wind.,May hangin.,Hangin kusog karon.,The wind is strong now.,Malakas ang hangin ngayon.,Ang hangin nga miigo sa pultahan gahapon kusog.,The wind that hit the door yesterday was strong.,Ang hangin na tumama sa pintuan kahapon ay malakas.
Bagyo,Bagyo,Storm,Noun,BAH-gyoh,Weather,Iwas sa bagyo.,Avoid the storm.,Iwasan ang bagyo.,Nag-warning sa bagyo.,Storm warning issued.,May babala ng bagyo.,Ang bagyo miigo sa baybayon gahapon.,The storm hit the shore yesterday.,Tinamaan ng bagyo ang baybayin kahapon.
Kidlat,Kidlat,Lightning,Noun,keed-LAT,Weather,Kidlat nagdungog.,Lightning struck.,May kidlat.,Kidlat nga kusog.,Strong lightning.,Malakas na kidlat.,Kidlat misidlak gabii gani.,Lightning flashed last night.,Sumabog ang kidlat kagabi.
Dagat,Dagat,Sea/Ocean,Noun,DAH-ghat,Nature,Gusto ko sa dagat.,I like the sea.,Gusto ko ng dagat.,Nindot ang dagat karon.,The sea is nice today.,Maganda ang dagat ngayon.,Ang dagat nga among giadto gahapon limpyo gyud.,The sea we went to yesterday was really clean.,Ang dagat na pinuntahan namin kahapon ay sobrang linis.
Suba,Ilog,River,Noun,SOO-bah,Nature,Naay suba duol.,There is a river nearby.,May ilog malapit.,Ang suba lapad.,The river is wide.,Malawak ang ilog.,Ang suba nga among gi-cross gahapon mabaw ug limpyo.,The river we crossed yesterday was shallow and clean.,Ang ilog na tinawid namin kahapon ay mababaw at malinis.
Bukid,Bundok,Mountain,Noun,boo-KEED,Nature,Gusto ko moadto sa bukid.,I want to go to the mountain.,Gusto kong pumunta sa bundok.,Ang bukid taas.,The mountain is tall.,Mataas ang bundok.,Ang hike sa bukid gahapon lisud pero nindot.,The hike up the mountain yesterday was hard but beautiful.,Mahirap ang pag-hike sa bundok kahapon pero maganda.
Kakahoyan,Kagubatan,Forest,Noun,kah-kah-hoh-YAN,Nature,Naa'y kakahoyan didto.,There is a forest there.,May kagubatan doon.,Ang kakahoyan daghan punuan.,The forest has many trees.,Maraming puno ang kagubatan.,Ang kakahoyan nga among gi-explore gahapon daghan ug wildlife.,The forest we explored yesterday had a lot of wildlife.,Maraming wildlife ang kagubatang in-explore namin kahapon.
Yuta,Lupa,Land/Earth,Noun,YUH-tah,Nature,Naay yuta diria.,There is land here.,May lupa dito.,Yuta humok.,The soil is soft.,Malambot ang lupa.,Ang yuta nga gipalit nila maayo para sa uma.,The land they bought is good for farming.,Ang lupa na binili nila ay angkop para sa bukirin.
Langit,Langit,Sky/Heaven,Noun,lah-NGEET,Nature,Tan-awa ang langit.,Look at the sky.,Tingnan ang langit.,Ang langit klaro karon.,The sky is clear today.,Maliwanag ang langit ngayon.,Ang langit gabii daghan bituon.,The sky last night had many stars.,Ang langit kagabi ay maraming bituin.
Bituon,Bituin,Star,Noun,bee-TOO-on,Nature,Ang bituon hayag.,The star is bright.,Maliwanag ang bituin.,Daghang bituon sa langit.,There are many stars in the sky.,Maraming bituin sa langit.,Ang bituon nga akong nakita gahapon lain ug kahayag.,The star I saw yesterday had a different glow.,Ang bituin na nakita ko kahapon ay may kakaibang liwanag.
Bulan,Buwan,Moon/Month,Noun,boo-LAHN,Nature,Maayong bulan.,Good month/Moon.,Magandang buwan.,Ang bulan hayag karon.,The moon is bright tonight.,Maliwanag ang buwan ngayon.,Ang bulan nga nagdan-ag sa dagat nindot kaayo.,The moon shining over the sea was beautiful.,Ang buwan na nagniningning sa dagat ay maganda.
Kolur,Kulay,Color,Noun,koo-LUHR,Common Nouns,Pila ang kolor?,What color is it?,Anong kulay?,Ang kolur pula.,The color is red.,Ang kulay ay pula.,Ang kolur sa balay nga akong gipintal kay asul.,The color I painted the house is blue.,Ang kulay ng bahay na pininturahan ko ay asul.
Pula,Pula,Red,Adjective,POO-lah,Colors,Pula ang rosas.,The rose is red.,Pula ang rosas.,Pula kaayo ang dangkal sa bata.,The child's dress is very red.,Napakapula ng damit ng bata.,,,
Asul,Asul,Blue,Adjective,AH-sool,Colors,Asul ang langit.,The sky is blue.,Asul ang langit.,Asul kaayo ang dagat.,The sea is very blue.,Sobrang asul ang dagat.,,,
Berde,Luntian,Green,Adjective,ber-DEH,Colors,Berde ang kahoy.,The tree is green.,Luntian ang puno.,Berde kaayo ang lawas sa tanom.,The plant is very green.,Sobrang luntian ang mga halaman.,,,
Dilaw,Dilaw,Yellow,Adjective,dee-LAW,Colors,Dilaw ang saging.,The banana is yellow.,Dilaw ang saging.,Dilaw kaayo ang adlaw.,The sun is very yellow.,Sobrang dilaw ang araw.,,,
Itom,Itim,Black,Adjective,ee-TOM,Colors,Itom ang itom.,It is black.,Itim ang kulay.,Itom kaayo ang iyang buhok.,Her hair is very black.,Sobrang itim ang buhok niya.,,,
Puti,Puti,White,Adjective,POO-tee,Colors,Puti ang bulak.,The flower is white.,Puti ang bulak.,Puti kaayo ang sinina niya.,Her clothes are very white.,Sobrang puti ang damit niya.,,,
Abohon,Abó,Gray,Adjective,ah-boh-HON,Colors,Abohon ang aspalto.,The asphalt is gray.,Abó ang aspalto.,Abohon kaayo ang panganod.,The clouds are very gray.,Sobrang abó ang mga ulap.,,,
Rosas,Rosas,Pink,Adjective,ROH-sas,Colors,Rosas ang rosas.,The rose is pink.,Rosas ang rosas.,Rosas kaayo ang palamuti.,The decoration is very pink.,Sobrang rosas ang dekorasyon.,,,
Lila,Lila,Purple,Adjective,LEE-lah,Colors,Lila ang bulak.,The flower is purple.,Lila ang bulak.,Lila kaayo ang iyang sinina.,His/her clothes are very purple.,Sobrang lila ang damit niya.,,,
Kaon,Kain,Eat,Verb,KAH-on,Food & Dining,Kaon na.,Let's eat.,Kain na.,Kaon ko og saging.,I will eat a banana.,Kakain ako ng saging.,Kaon ta ug panihapon unya.,Let's eat dinner later.,Kumain tayo ng hapunan mamaya.
Inom,Inom,Drink,Verb,EE-nom,Food & Dining,Inom ta.,Let's drink.,Inom tayo.,Inom ko og tubig.,I will drink water.,Iinom ako ng tubig.,Gi-inom nako ang gatas kagahapon.,I drank the milk yesterday.,Uminom ako ng gatas kahapon.
Bangon,Bangon,Wake up,Verb,BAH-ngon,Actions,Bangon na.,Wake up.,Bangon na.,Bangon siya sayo.,He wakes up early.,Babangon siya nang maaga.,Nibangon ko sayo kaniadto.,I woke up early before.,Nabangon ako nang maaga noong una.
Lakaw,Lakad,Walk,Verb,LAH-kaw,Actions,Lakaw ta.,Let's walk.,Lakad tayo.,Lakaw ko pa-eskwela.,I walk to school.,Lumakad ako papunta sa paaralan.,Nilakaw nako gikan balay paingon sa merkado gahapon.,I walked from home to the market yesterday.,Naglakad ako mula bahay papuntang palengke kahapon.
Dagan,Takbo,Run,Verb,DAH-gan,Actions,Dagan ta.,Let's run.,Takbo tayo.,Modagan siya.,He will run.,Tatakbo siya.,Nidagan ko aron maabtan ang bus.,I ran to catch the bus.,Tumakbo ako para maabutan ang bus.
Lingkod,Upo,Sit,Verb,leeng-KOD,Actions,Lingkod diri.,Sit here.,Upo ka dito.,Lingkod siya.,He sits.,Upo siya.,Nalingkod ko sa lamesa ug nagtuon.,I sat at the table and studied.,Upo ako sa lamesa at nag-aral.
Tindog,Tayo,Stand,Verb,teen-DOG,Actions,Tindog na.,Stand up.,Tumayo ka.,Tindog siya.,He stands.,Tumayo siya.,Nitindog ko pag-abot sa klase.,I stood up when class started.,Tumayo ako nang dumating ang klase.
Higda,Higa,Lie down,Verb,heeg-DAH,Actions,Higda diri.,Lie down here.,Humiga ka dito.,Higda siya.,He lies down.,Humiga siya.,Ni-higda ko sa higdaanan kay kapoy kaayo ko.,I lay down on the bed because I was very tired. Humiga ako sa kama dahil sobrang pagod ako.,
Basá,Basahin,Read/Make wet?,Read/Verb,bah-SAH,Actions/Basá (wet) context,Basá ang libro.,The book is wet.,Basá ang libro.,Basabahun nako ang teksto.,I will read the text.,Babasahin ko ang teksto.,Gibasa nako ang libro kagahapon.,I read the book yesterday.,Binasa ko ang libro kahapon.
Sulat,Sulat,Write,Verb,SOO-lat,Actions,Mosulat ko.,I will write.,Magsusulat ako.,Nagasulat siya sa sulat.,He is writing a letter.,Nagsusulat siya ng liham.,Gisulat nako ang proposal kagahapon.,I wrote the proposal yesterday.,Sinulat ko ang proposal kahapon.
Sulti,Salita,Speak/Tell,Verb,sool-TEE,Actions,Sulti nako.,I will say.,Sasabihin ko.,Sulti siya sa mga bata.,He tells the kids.,Sinasabi niya sa mga bata.,Gisulti niya ang tinuod kagahapon.,He told the truth yesterday.,Sinabi niya ang totoo kahapon.
Paminaw,Pakinggan,Listen,Verb,pah-MEE-naw,Actions,Paminaw diri.,Listen here.,Pakinggan mo ito.,Paminaw siya sa tugtog.,He listens to the song.,Pakikinggan niya ang kanta.,Gipaminaw nako ang balita kagahapon.,I listened to the news yesterday.,Pinakinggan ko ang balita kahapon.
Tan-aw,Tingnan,Look/See,Verb,tan-AW,Actions,Tan-aw sa.,Look at it.,Tingnan mo.,Motan-aw ko og salida.,I will watch a movie.,Panood ako ng pelikula.,Gitan-aw nako ang salida kagahapon.,I watched the movie yesterday.,Nanood ako ng pelikula kahapon.
Hilak,Umiiyak,Cry,Verb,HEE-lak,Emotions,Hilak siya.,He/She cries.,Umiiyak siya.,Hilak ka?,Are you crying?,Umiiyak ka ba?,Gihilak siya tungod sa malisud nga balita gahapon.,He cried because of the sad news yesterday.,Umiiyak siya dahil sa malungkot na balita kahapon.
Katawa,Tawa,Laugh,Verb,KAH-tah-wah,Emotions,Katawa ta.,Let's laugh.,Tumawa tayo.,Katawa ka.,You laugh.,Natawa ka.,Nakatawa ko sa joke kagahapon.,I laughed at the joke yesterday.,Natawa ako sa biro kahapon.
Kanta,Kanta,Sing,Verb,KAN-tah,Actions,Mokanta ko.,I will sing.,Kakanta ako.,Kanta siya sa entablado.,He sings on stage.,Kumanta siya sa entablado.,Gikanta nako ang kanta sa event gahapon.,I sang the song at the event yesterday.,Kumanta ako ng kanta sa event kahapon.
Sayaw,Sayaw,Dance,Verb,SAH-yaw,Actions,Mosayaw ta.,Let's dance.,Sasayaw tayo.,Sayaw siya.,He/She dances.,Sasayaw siya.,Gisayaw nako ang choreography sa competition.,I danced the choreography at the competition.,Sinayaw ko ang choreography sa competition.
Dula,Dula,Play,Verb,DOO-lah,Actions,Dula ta.,Let's play.,Maglaro tayo.,Dula siya sa gawas.,He plays outside.,Naglalaro siya sa labas.,Gidula nako ang dula sa event.,I performed the play at the event.,Ginawa ko ang dula sa event.
Trabaho,Trabaho,Work,Verb/trade/trabaho,trah-BAH-hoh,Actions,Trabaho ta.,Let's work.,Magtrabaho tayo.,Trabaho siya sa opisina.,He works at the office.,Nagtatrabaho siya sa opisina.,Nagtrabaho ko ug dugay gahapon.,I worked long yesterday.,Nagtatrabaho ako nang matagal kahapon.
Eskwela,Paaralan,Study/School,Noun/eskwela,es-KWEH-lah,Education,Nag-eskwela ko.,I study.,Nag-aaral ako.,Adto ko eskwela.,I go to school.,Pumunta ako sa paaralan.,Nag-eskwela ko sa layo nga lugar kaniadto.,I studied far from home before.,Nag-aral ako sa malayong lugar noon.
Palit,Bili,Buy,Verb,PAH-leet,Shopping,Palit ug pan.,Buy bread.,Bumili ng tinapay.,Nagpalit siya.,He bought something.,Bumili siya.,Gipalit nako ang regalo gahapon.,I bought the gift yesterday.,Bumili ako ng regalo kahapon.
Baligya,Benta,Sell,Verb,bah-LEEG-yah,Shopping,Baligya kini.,Sell this.,Ibenta ito.,Nagbaligya siya sa merkado.,He sells in the market.,Nagbebenta siya sa palengke.,Gibaligya nako ang mga produkto sa fair.,I sold the products at the fair.,Ibenta ko ang mga produkto sa fair.
Hatag,Bigay,Give,Verb,HAH-tag,Actions,Hatag nako.,I will give.,Ibigay ko.,Gihatag niya ang libro.,He gave the book.,Ibinigay niya ang libro.,Gihatag nako ang tambal sa bata gahapon.,I gave the medicine to the child yesterday.,Ibinigay ko ang gamot sa bata kahapon.
Dawat,Tanggap,Receive,Verb,DAH-wat,Actions,Dawat kini.,Accept this.,Tanggapin ito.,Gidawat nako ang sulat.,I received the letter.,Tinanggap ko ang sulat.,Gidawat nako ang tabang gikan sa silingan gahapon.,I accepted the help from the neighbor yesterday.,Tinatanggap ko ang tulong mula sa kapitbahay kahapon.
Kuha,Kuha,Get/Take,Verb,KOO-hah,Actions,Kuhaa na.,Take it.,Kunin mo na.,Gikuha nako ang pagkaon.,I took the food.,Kinuha ko ang pagkain.,Gikuha nako ang dokumento sa opisina gahapon.,I got the document from the office yesterday.,Kinuha ko ang dokumento sa opisina kahapon.
Butang,Lagay,Put,Verb,boo-TANG,Actions,Butang diri.,Put it here.,Ilagay mo dito.,Gibutang nako ang libro sa lamesa.,I put the book on the table.,Inilagay ko ang libro sa mesa.,Gibutang nako ang tanan sa kahon gahapon.,I put everything in the box yesterday.,Inilagay ko ang lahat sa kahon kahapon.
Hunong,Hinto,Stop,Verb,hoo-NONG,Actions,Hunong na.,Stop now.,Hinto ka na.,Hunong siya sa trabaho.,He stopped working.,Tumigil siya sa trabaho.,Nahunong ang trapiko gahapon tungod sa aksidente.,Traffic stopped yesterday due to an accident. Huminto ang trapiko kahapon dahil sa aksidente.,
Sugod,Simula,Start,Verb,SOO-god,Actions,Sugod na.,Start now.,Simula na.,Mosugod siya karon.,He will start now.,Magsisimula siya ngayon.,Gisugdan nako ang proyekto gahapon.,I started the project yesterday.,Sinimulan ko ang proyekto kahapon.
Padayon,Tuloy,Continue,Verb,pah-DAH-yon,Actions,Padayon ta.,Let's continue.,Tuloy tayo.,Padayon siya sa trabaho.,He continues working.,Nagpapatuloy siya sa trabaho.,Gipadayon nako ang presentasyon bisan naay technical issue.,I continued the presentation despite technical issues.,Pinagpatuloy ko ang presentasyon kahit may teknikal na problema.
Abli,Bukas,Open,Verb,ab-LEE,Actions,Abli ang pultahan.,Open the door.,Buksan ang pintuan.,Abli siya sa libro.,He opened the book.,Binuksan niya ang libro.,Giabli nako ang bintana kay init kaayo.,I opened the window because it was very hot.,Binuksan ko ang bintana dahil sobrang init.
Sirado,Sarado,Close,Verb,see-RAH-doh,Actions,Sirado ang tindahan.,The store is closed.,Nakasara ang tindahan.,Sirado siya sa buntag.,He was closed in the morning.,Nakasara siya kaninang umaga.,Gisirado nako ang pultahan uggiya.,I closed the door securely.,Isinara ko ng maayos ang pintuan.
Gamit,Gamitin,Use,Verb,GAH-meet,Actions,Gamiton kini.,Use this.,Gamitin ito.,Gigamit nako ang lapis.,I used the pencil.,Ginamit ko ang lapis.,Gigamit nako ang cellphone para sa trabaho gahapon.,I used the cellphone for work yesterday.,Ginamit ko ang cellphone para sa trabaho kahapon.
Hikay,Handa,Prepare,Verb/Action,hee-KAHY,Actions,Hikay na.,Prepare now.,Handa na.,Gihikay nako ang pagkaon.,I prepared the food.,Inihanda ko ang pagkain.,Gihikay nako ang presentasyon ugmi.,I prepared the presentation this morning.,Inihanda ko ang presentasyon kaninang umaga.
Andam,Handa,Ready,Adjective/an-DAM,Status,Andam na.,Ready.,Handa na.,Andam siya.,He is ready.,Handa na siya.,Andam na ang tanan para sa fiesta gahapon.,Everything was ready for the fiesta yesterday.,Handa na ang lahat para sa pista kahapon.,
Wala pa,Hindi pa,Not yet,Adverb,WAH-lah pah,Status,Wala pa.,Not yet.,Hindi pa.,Wala pa siya.,He is not yet here.,Hindi pa siya.,Wala pa ko makadawat sa mensahe gahapon.,I haven't received the message yet yesterday.,Hindi ko pa natanggap ang mensahe kahapon.
Dayon,Agad,Immediately/Then,Adverb/dah-YON,Actions,Dayon ta.,Do it now/then.,Agad na tayo.,Dayon siya.,Go ahead/then.,Agad siya.,Gihuman nako dayon ang task.,I finished the task immediately. Tinapos ko agad ang task.,,
Sa dili madugay,Malapit na,Soon,Adverb/sah DEE-lee mah-doo-GAHY,Time,Sa dili madugay.,Soon.,Malapit na.,Moabot na siya sa dili madugay.,He will arrive soon.,Darating siya malapit na.,Sa dili madugay moabot ang bag-ong batch.,The new batch will arrive soon.,Malapit na dumating ang bagong batch.,
Unya,Mamaya,Later,Adverb,OOHN-yah,Time,Unya ta.,Later.,Mamaya na tayo.,Unya siya moanhi.,He will come later.,Paparito siya mamaya.,Unya nako humanon ang trabaho.,I will finish the work later.,Mamaya ko tatapusin ang trabaho.
Nahigugma ko nimo,Nahihilig/ Mahal kita,I love you,Phrase/Expression,na-hee-GUG-ma ko NEE-mo,Emotions,Nahigugma ko nimo.,I love you.,Mahal kita.,Nahigugma ko nimo gayud.,I truly love you.,Mahal na kita talaga.,Nahigugma ko nimo sukad pa sa una ug buot kong magpuyo uban nimo.,I have loved you since before and want to live with you.,Mahal na kita mula noon at gusto kong mabuhay kasama mo.
